Project,IssueID,URL,Title,Status,CreatedAt,gpu_relevant,relevant_reason,BugType,StackLayer,CTCLass,subtype,comment_IRR_discussion,reason_bug,reason_stack,reason_class
Qiskit/qiskit-aer,2389,https://github.com/Qiskit/qiskit-aer/issues/2389,cannot import name 'execute' from 'qiskit',closed,2025-11-19T13:20:58Z,,,,,,,,,,
Qiskit/qiskit-aer,2387,https://github.com/Qiskit/qiskit-aer/issues/2387,Bug: simulators.hpp include missed,open,2025-11-13T08:47:33Z,,,,,,,,,,
Qiskit/qiskit-aer,2386,https://github.com/Qiskit/qiskit-aer/issues/2386,"Bug: `matrix_product_state` crashes with ""Wrong SVD calculations: A != USV*"" when `mps_lapack=True`",open,2025-11-10T15:31:54Z,,,,,,,,,,
Qiskit/qiskit-aer,2382,https://github.com/Qiskit/qiskit-aer/issues/2382,AerSimulator with Tensor Networks fail,open,2025-10-29T18:00:01Z,X,Explicit GPU configuration + errors from cuTensorNet,Backend-/Framework-Integrations-Bug ,Backend-Library ,B,B2 contractually,,"The error occurs in the interaction between the GPU backend and Aer result processing, not in the user circuit. ",The crash occurs when processing the backend results in the Aer backend code. ,A result error contract could force faulty backend outputs into defined types and prevent broken error propagation. 
Qiskit/qiskit-aer,2380,https://github.com/Qiskit/qiskit-aer/issues/2380,AerSimulator with MPS method doesn't seem to follow backend options,open,2025-10-17T20:54:16Z,,,,,,,,,,
Qiskit/qiskit-aer,2373,https://github.com/Qiskit/qiskit-aer/issues/2373,Simulation of openqasm3 circuit,open,2025-09-22T11:38:14Z,,,,,,,,,,
Qiskit/qiskit-aer,2371,https://github.com/Qiskit/qiskit-aer/issues/2371,Low fidelity results for Unitary simulator on MCU gates,open,2025-09-17T09:00:06Z,X,Failure in combination with NVIDIA thrust. Indicates GPU/CUDA proximity.,Performance-/Numerik-Bug,Build/Deploy/Environment,B,B1 static,,"The issue is triggered by a specific Windows/MSVC + NVIDIA Thrust toolchain combination, so it is a deterministic toolchain-induced ",The cause lies in the specific combination of compiler-thrust-platform during compilation,The risky toolchain combination can be identified from static metadata and could be blocked by a compatibility check. 
Qiskit/qiskit-aer,2367,https://github.com/Qiskit/qiskit-aer/issues/2367,`SamplerV2` fails with circuits mixing measurements and parameterized gates,open,2025-09-09T07:55:35Z,,,,,,,,,,
Qiskit/qiskit-aer,2362,https://github.com/Qiskit/qiskit-aer/issues/2362,`mps_log_data` seems to store data from previous runs?,open,2025-08-22T08:26:59Z,,,,,,,,,,
Qiskit/qiskit-aer,2358,https://github.com/Qiskit/qiskit-aer/issues/2358,QasmSimulator.from_backend(backend) throws an error,open,2025-08-16T18:29:43Z,,,,,,,,,,
Qiskit/qiskit-aer,2354,https://github.com/Qiskit/qiskit-aer/issues/2354,`test_mps_options` and `test_pauli_noise_with_shot_branching` crash and 4 tests from `TestControlFlow` fail in latest version,open,2025-07-18T20:55:55Z,,,,,,,,,,
Qiskit/qiskit-aer,2353,https://github.com/Qiskit/qiskit-aer/issues/2353,Program exit unexpectedly without error when qubits>15,closed,2025-07-18T14:36:02Z,X,Repro explicitly requires MPI + CUDA and is run with device GPU (GPU/Multi-GPU Runtime/Integration).,Backend-/Framework-Integrations-Bug ,Framework-Integration ,B,B2 contractually,,"The error affects the integration of MPI with GPU-based Aer execution, not the algorithm itself. ","The abnormal exit arises from the interaction of MPI ranks, resource handling and Aer ",Guards via MPI-Init/Finalize and GPU resources could detect and prevent inconsistent exit paths before execution. 
Qiskit/qiskit-aer,2351,https://github.com/Qiskit/qiskit-aer/issues/2351,"'Simulation device ""GPU"" is not supported on this system ' for qiskit-aer-gpu 0.15.1, CUDA 12.7",open,2025-07-15T16:05:01Z,X,Error only occurs when using giskit-aer-gpu. Device = GPU,Config-/Environment-Bug,Build/Deploy/Environment,B,B1 static,,The problem is the incorrect detection of qiskit i.e. a configuration issue. ,"It's about the correct installation, detection, and environment of the GPU libraries",A deployment check can verify GPU capabilities before the first execution and report misconfigurations as fail-fast. 
Qiskit/qiskit-aer,2349,https://github.com/Qiskit/qiskit-aer/issues/2349,"Regression: MPS simulation returns wrong results. (worked in v1.4.2, broken in v2.0.x)",closed,2025-06-16T09:46:35Z,,,,,,,,,,
Qiskit/qiskit-aer,2347,https://github.com/Qiskit/qiskit-aer/issues/2347,Results of sampling circuit with custom unitary don't match between qiskit 1.4 and qiskit 2,closed,2025-06-11T06:30:41Z,,,,,,,,,,
Qiskit/qiskit-aer,2342,https://github.com/Qiskit/qiskit-aer/issues/2342,Incorrect results from simulation of inverse controlled swap gate,open,2025-05-27T11:21:18Z,,,,,,,,,,
Qiskit/qiskit-aer,2340,https://github.com/Qiskit/qiskit-aer/issues/2340,Cacheblocking (with multiple GPUs) results in unexpected measurement samples,open,2025-05-15T11:19:58Z,X,GPU state vector path with device= GPU and cuStateVec_enable=True,Performance-/Numerik-Bug ,Backend-Library ,B,B2 contractually,,The core symptom is incorrect samples due to a faulty blocking process. ,"The cause lies in the GPU blocking path of the backend, so in the kernel-related part of the library",A conservative feature gate for certain blocking constellations could temporarily prohibit these combinations until the kernel is correct. 
Qiskit/qiskit-aer,2336,https://github.com/Qiskit/qiskit-aer/issues/2336,Incompatibility of qiskit‑aer‑gpu 0.15.1 with Qiskit 2.0: qiskit.providers.convert_to_target() function removed.,open,2025-04-15T15:40:47Z,X,Crashes after installing qiskit-aer-gpu when importing AerSimulator (GPU package),API-/Usage-/Logic-Bug (High-Level) ,High-Level-API / Framework-Logic,B,B1 static,,The import version error is caused by incompatible high-level API package versions. ,The breakpoint is the Python API/module structure and its integration into the overall API,A version dependency resolver can detect from package metadata that the combination of Qiskit/Aer versions is invalid. 
Qiskit/qiskit-aer,2335,https://github.com/Qiskit/qiskit-aer/issues/2335,"RuntimeError: Invalid combination of simulation method and device, ""tensor_network"" only supports ""device=GPU""",open,2025-04-14T22:03:14Z,X,method=‘tensor_network’ + device= GPU,Backend-/Framework-Integrations-Bug ,Backend-Library ,B,B1 static,,"It's about the availability of the Tensor Network backend on a specific architecture, not about user logic. ",The error occurs when attempting to use a specific backend feature,A static support matrix (architecture and features) could prohibit the launch of this backend on aarch64 in advance. 
Qiskit/qiskit-aer,2333,https://github.com/Qiskit/qiskit-aer/issues/2333,could not broadcast input array from shape ..,open,2025-03-28T16:51:13Z,,,,,,,,,,
Qiskit/qiskit-aer,2330,https://github.com/Qiskit/qiskit-aer/issues/2330,Transpiler produces gate sequence that alters expected statevector,closed,2025-03-08T13:47:40Z,,,,,,,,,,
Qiskit/qiskit-aer,2323,https://github.com/Qiskit/qiskit-aer/issues/2323,Sampler (both V1 and V2) does not apply controlled parameterized rotations,open,2025-03-03T10:54:15Z,,,,,,,,,,
Qiskit/qiskit-aer,2321,https://github.com/Qiskit/qiskit-aer/issues/2321,controller_wrappers.cpython-312-aarch64-linux-gnu.so: undefined symbol: omp_get_num_threads,open,2025-02-26T16:34:45Z,,,,,,,,,,
Qiskit/qiskit-aer,2320,https://github.com/Qiskit/qiskit-aer/issues/2320,MPS does not preserve orthonormality,open,2025-02-25T16:53:54Z,,,,,,,,,,
Qiskit/qiskit-aer,2319,https://github.com/Qiskit/qiskit-aer/issues/2319,Inconsistent statevector simulation with Qiskit-Aer,closed,2025-02-21T13:31:35Z,,,,,,,,,,
Qiskit/qiskit-aer,2317,https://github.com/Qiskit/qiskit-aer/issues/2317,Inconsistencies with the simulation of single-qubit depolarizing noise using EstimatorV2,open,2025-02-12T08:44:39Z,,,,,,,,,,
Qiskit/qiskit-aer,2315,https://github.com/Qiskit/qiskit-aer/issues/2315,Unexpected output from extended stabilizer simulator,open,2025-02-10T23:15:54Z,,,,,,,,,,
Qiskit/qiskit-aer,2312,https://github.com/Qiskit/qiskit-aer/issues/2312,Noisy simulations with EstimatorV2 behave as they are ideal for backend noise models,closed,2025-02-05T00:12:07Z,,,,,,,,,,
Qiskit/qiskit-aer,2307,https://github.com/Qiskit/qiskit-aer/issues/2307,"The ""source"" link from API docs to GitHub points to a stable/0.16 branch that doesn't exist",open,2025-02-03T15:44:09Z,,,,,,,,,,
Qiskit/qiskit-aer,2304,https://github.com/Qiskit/qiskit-aer/issues/2304,"Transpilation for 64+ qubits fails for MPS, even though execution is supported",open,2025-01-31T10:22:44Z,,,,,,,,,,
Qiskit/qiskit-aer,2303,https://github.com/Qiskit/qiskit-aer/issues/2303,Noiseless setup not running with SQD-addon,open,2025-01-28T09:56:10Z,,,,,,,,,,
Qiskit/qiskit-aer,2302,https://github.com/Qiskit/qiskit-aer/issues/2302,ModuleNotFoundError: Unable to import 'AerSimulator' from qiskit.providers.aer on macOS,open,2025-01-26T19:01:17Z,,,,,,,,,,
Qiskit/qiskit-aer,2292,https://github.com/Qiskit/qiskit-aer/issues/2292,MPS::apply_multi_qubit_gate can crash in some circumstances,open,2025-01-16T10:58:24Z,,,,,,,,,,
Qiskit/qiskit-aer,2291,https://github.com/Qiskit/qiskit-aer/issues/2291,DiagonalFusion::aggregate_operations can crash in some circumstances,open,2025-01-16T10:00:04Z,,,,,,,,,,
Qiskit/qiskit-aer,2290,https://github.com/Qiskit/qiskit-aer/issues/2290,MPS simulator with low limits can crash,open,2025-01-16T08:25:18Z,,,,,,,,,,
Qiskit/qiskit-aer,2286,https://github.com/Qiskit/qiskit-aer/issues/2286,MPS simulator has global bond dimension and singular values truncation threshold,open,2025-01-15T09:21:24Z,,,,,,,,,,
Qiskit/qiskit-aer,2284,https://github.com/Qiskit/qiskit-aer/issues/2284,0.16 fails to build: no member named 'size_' in 'QubitVector<data_t>',closed,2025-01-10T06:10:09Z,,,,,,,,,,
Qiskit/qiskit-aer,2277,https://github.com/Qiskit/qiskit-aer/issues/2277,qiskit-aer v0.15.1 install with Python v3.13.1 on Windows fails,closed,2024-12-13T15:49:19Z, ,,,,,,,,,
Qiskit/qiskit-aer,2276,https://github.com/Qiskit/qiskit-aer/issues/2276,Inconsistent Statevector Results with seed_simulator,open,2024-12-12T23:35:12Z,,,,,,,,,,
Qiskit/qiskit-aer,2274,https://github.com/Qiskit/qiskit-aer/issues/2274,seed_simulator parameter accepts inconsistent and undocumented input types,open,2024-12-11T14:34:16Z,,,,,,,,,,
Qiskit/qiskit-aer,2272,https://github.com/Qiskit/qiskit-aer/issues/2272,Qiskit simulation failed and returned the following error message,open,2024-12-08T23:53:24Z,X,"n the issue itself, the simulator is explicitly started with device= GPU and the error is a CUDA runtime error",Performance-/Numerik-Bug ,Backend-Library ,B,B1 static,,A CUDA InvalidValue occurs because an excessively large chunk configuration is passed to the kernel,The error occurs directly when the data structures are transferred to the GPU kernel ,The dimensions limits of the unitary are known before the kernel launch and could be validated by a static size check. 
Qiskit/qiskit-aer,2271,https://github.com/Qiskit/qiskit-aer/issues/2271,Potential Bug with QiskitAer simulating statevector for qiskit quantum circuit,open,2024-12-05T00:26:50Z,,,,,,,,,,
Qiskit/qiskit-aer,2270,https://github.com/Qiskit/qiskit-aer/issues/2270,unit-tests-latest-qiskit fails since mid-Oct,closed,2024-11-29T18:50:02Z,,,,,,,,,,
Qiskit/qiskit-aer,2260,https://github.com/Qiskit/qiskit-aer/issues/2260,EstimatorV2 jobs are not async,open,2024-11-15T18:46:10Z,,,,,,,,,,
Qiskit/qiskit-aer,2258,https://github.com/Qiskit/qiskit-aer/issues/2258,AerState::probability does not work as expected with the stabilizer simulator,open,2024-11-15T07:51:50Z,,,,,,,,,,
Qiskit/qiskit-aer,2256,https://github.com/Qiskit/qiskit-aer/issues/2256,The number of qubits supported by the MPI version of Qiskit Aer does not increase with the addition of nodes.,open,2024-11-13T03:14:24Z,,,,,,,,,,
Qiskit/qiskit-aer,2255,https://github.com/Qiskit/qiskit-aer/issues/2255,MPS Aer simulator fails to initialize properly from the MPS state,open,2024-11-11T10:47:41Z,,,,,,,,,,
Qiskit/qiskit-aer,2254,https://github.com/Qiskit/qiskit-aer/issues/2254,0.15.1 doesn't install bin/qasm_simulator like 0.10.4 did,closed,2024-11-09T04:15:35Z,,,,,,,,,,
Qiskit/qiskit-aer,2253,https://github.com/Qiskit/qiskit-aer/issues/2253,MPS Aer simulator fails to initialize properly,closed,2024-11-08T09:54:08Z,,,,,,,,,,
Qiskit/qiskit-aer,2249,https://github.com/Qiskit/qiskit-aer/issues/2249,AerEstimatorV2 fails to execute small circuits transpiled against larger backends,closed,2024-11-03T18:40:03Z,,,,,,,,,,
Qiskit/qiskit-aer,2246,https://github.com/Qiskit/qiskit-aer/issues/2246,Aer fails to save MPS if it estimates (incorrectly) that there is insufficient memory,closed,2024-10-17T01:18:46Z,,,,,,,,,,
Qiskit/qiskit-aer,2245,https://github.com/Qiskit/qiskit-aer/issues/2245,Incorrect results from statevector simulation when fusion is enabled,open,2024-10-14T10:10:38Z,,,,,,,,,,
Qiskit/qiskit-aer,2252,https://github.com/Qiskit/qiskit-aer/issues/2252,Incorrect representation of state vector with state.draw('latex'),closed,2024-10-13T10:50:47Z,,,,,,,,,,
Qiskit/qiskit-aer,2244,https://github.com/Qiskit/qiskit-aer/issues/2244,Enabling `runtime_parameter_bind_enable` and `batched_gpu_shots` gives incorrect measurement results when using multiple GPUs,open,2024-10-11T23:40:53Z,X,"Explicit multi-GPU state vector run (device= GPU, batched_shots_gpu, CUDA_VISIBLE_DEVICES=0,1) yields incorrect measurement results  clearly GPU backend path/contract relevant",API-/Usage-/Logic-Bug (High-Level) ,High-Level-API / Framework-Logic ,B,B2 contractually,,Incorrect results arise from a problematic combination of multi-GPU and parameter binding in high-level API behavior. ,The cause is the way the framework internally orchestrates multi-GPU batches and parameter mapping,The API can block this unsafe feature combination using typestate or only allow it in an explicitly “unsafe” mode. 
Qiskit/qiskit-aer,2242,https://github.com/Qiskit/qiskit-aer/issues/2242,SamplerV2 will not adhere to options dictionary passed.,open,2024-10-02T20:39:43Z,X,"SamplerV2 adopts GPU-specific backend options, device= GPU, cuStateVec_enable, batched_shots_gpu not correct ",API-/Usage-/Logic-Bug (High-Level) ,High-Level-API / Framework-Logic ,C,,,GPU-related options are not applied because the high-level API passes them on incorrectly internally. ,"The error lies in the transfer and initialization logic within the framework, not in the backend itself",This is an internal implementation error incorrect initialization sequence that cannot be reliably detected in advance using static metadata or contracts. 
Qiskit/qiskit-aer,2241,https://github.com/Qiskit/qiskit-aer/issues/2241,'QuantumCircuit' object has no attribute 'set_statevector',closed,2024-09-30T19:07:03Z,,,,,,,,,,
Qiskit/qiskit-aer,2240,https://github.com/Qiskit/qiskit-aer/issues/2240,The api from contrib/runtime does not always work,open,2024-09-21T13:15:19Z,,,,,,,,,,
Qiskit/qiskit-aer,2237,https://github.com/Qiskit/qiskit-aer/issues/2237,AerBackendConfiguration does not include `open_pulse` in `to_dict()`,open,2024-09-19T13:42:21Z,,,,,,,,,,
Qiskit/qiskit-aer,2235,https://github.com/Qiskit/qiskit-aer/issues/2235,AerState::probability and AerState::amplitude calls for a MPS simulator return the wrong ordering for states,open,2024-09-18T12:33:39Z,,,,,,,,,,
Qiskit/qiskit-aer,2234,https://github.com/Qiskit/qiskit-aer/issues/2234,Calling AerState::probabilities() crashes for the MPS simulator,open,2024-09-18T12:15:40Z,,,,,,,,,,
Qiskit/qiskit-aer,2233,https://github.com/Qiskit/qiskit-aer/issues/2233,Qiskit-aer uses deprecated QobjDictField from qiskit,open,2024-09-16T08:48:25Z,,,,,,,,,,
Qiskit/qiskit-aer,2232,https://github.com/Qiskit/qiskit-aer/issues/2232,Segmentation fault when using Aer Sampler,open,2024-09-13T18:18:21Z,,,,,,,,,,
Qiskit/qiskit-aer,2231,https://github.com/Qiskit/qiskit-aer/issues/2231,CMake error with CMake 3.20,closed,2024-09-13T17:31:07Z,X,"The repro is a cuQuantum source build, and even though the specific failure is in Conan/CMake, it affects the GPU build path exactly.",Build-/Install-/Packaging-Bug,Build/Deploy/Environment ,B,B1 static,,The error occurs during building or installation (CMake - Conan) before any simulation is even run. ,"The crash occurs in the build configuration and execution, not in the framework",The Cmake versions that are permitted are known as metadata and can be checked before the build using the support matrix. 
Qiskit/qiskit-aer,2230,https://github.com/Qiskit/qiskit-aer/issues/2230,Simulator can run indefinately when running circuits with conditionals,closed,2024-09-13T13:59:17Z,,,,,,,,,,
Qiskit/qiskit-aer,2227,https://github.com/Qiskit/qiskit-aer/issues/2227,Qikskit does not compile with Cuda 12.4/5 and gcc 12/13,open,2024-09-12T22:12:38Z,X,Explicit build with GPU/CUDA path fails – clear GPU CUDA stack toolchain bug ,Build-/Install-/Packaging-Bug,Build/Deploy/Environment ,B,B1 static,,An internal compiler error with certain CUDA+GCC combinations is a toolchain issue,"The error occurs during the compilation step and affects the development environment, not the running code. ",The combination of CUDA and GCC versions is deterministic and could be prohibited via a static compatibility matrix in the build system. 
Qiskit/qiskit-aer,2220,https://github.com/Qiskit/qiskit-aer/issues/2220,Segmentation Fault,open,2024-09-09T19:32:47Z,,,,,,,,,,
Qiskit/qiskit-aer,2219,https://github.com/Qiskit/qiskit-aer/issues/2219,Unexpected Error Thrown by `StatevectorSampler`,open,2024-09-09T14:04:19Z,,,,,,,,,,
Qiskit/qiskit-aer,2218,https://github.com/Qiskit/qiskit-aer/issues/2218,Can't build qiskit-aer ,open,2024-09-08T11:39:11Z,,,,,,,,,,
Qiskit/qiskit-aer,2217,https://github.com/Qiskit/qiskit-aer/issues/2217,Inverse version of some two-qubit gates are not defined in default AerSimulator and QasmSimulator,open,2024-09-07T09:41:02Z,,,,,,,,,,
Qiskit/qiskit-aer,2215,https://github.com/Qiskit/qiskit-aer/issues/2215,Conditions can sometimes cause stall when running on `AerSimulator`,open,2024-09-02T15:37:32Z,,,,,,,,,,
Qiskit/qiskit-aer,2212,https://github.com/Qiskit/qiskit-aer/issues/2212,`assemble` with `AerSimulator` raises an error,closed,2024-08-27T10:09:56Z,,,,,,,,,,
Qiskit/qiskit-aer,2211,https://github.com/Qiskit/qiskit-aer/issues/2211,qiskit-aer is failing to install in my Windows Github Action,open,2024-08-23T14:11:07Z,,,,,,,,,,
Qiskit/qiskit-aer,2207,https://github.com/Qiskit/qiskit-aer/issues/2207,EstimatorV2 not working properly with noise model and runtime_parameter_bind_enable both activated,closed,2024-08-20T06:48:06Z,,,,,,,,,,
Qiskit/qiskit-aer,2202,https://github.com/Qiskit/qiskit-aer/issues/2202,MPI execution related information missing from results metadata,open,2024-08-08T11:47:39Z,X,Explicitly mentions CUDA and execution on an NVIDIA setup  very likely GPU backend/performance/runtime issue in the GPU stack.,Performance-/Numerik-Bug ,Runtime-/Framework-Runtime ,C ,,,"The symptom is a lack of performance scaling with MPI, not incorrect results or crashes. ","The problem occurs during execution in MPI orchestration, not during build or backend kernels","It is more of a runtime scheduling phenomenon without a clear, statically verifiable contract breach. "
Qiskit/qiskit-aer,2195,https://github.com/Qiskit/qiskit-aer/issues/2195,"TypeError: (): incompatible function arguments. AerConfig, arg0: list[list[tuple[tuple[int, int], list[float]]]]) -> None",open,2024-07-17T15:14:13Z,,,,,,,,,,
Qiskit/qiskit-aer,2194,https://github.com/Qiskit/qiskit-aer/issues/2194,Qiskit-aer-gpu does not work as expected,open,2024-07-15T21:07:24Z,X,Affects qiskit-aer-gpu and fails during import due to a CUDA/cuQuantum dynamic link/symbol problem,Config-/Environment-Bug,Build/Deploy/Environment ,B,B1 static,,The import fails due to a missing CUDA symbol - an incorrect environment configuration. ,"The cause lies in installed libraries and their links, not in the Aer logic itself. ","Library and ABI compatibility – CUDA versions, NumPy - can be checked in advance using dependency and binary metadata. "
Qiskit/qiskit-aer,2193,https://github.com/Qiskit/qiskit-aer/issues/2193,qiskit-aer not getting imported,closed,2024-07-15T05:59:34Z,,,,,,,,,,
Qiskit/qiskit-aer,2192,https://github.com/Qiskit/qiskit-aer/issues/2192,Some fake simulators throw NoiseError when running an empty circuit,open,2024-07-11T03:35:15Z,,,,,,,,,,
Qiskit/qiskit-aer,2190,https://github.com/Qiskit/qiskit-aer/issues/2190,`QuantumCircuit.reverse_bits()` affects the state vector but not the density matrix,open,2024-07-08T10:19:34Z,,,,,,,,,,
Qiskit/qiskit-aer,2188,https://github.com/Qiskit/qiskit-aer/issues/2188,Error when building cvxpy dependency in Ubuntu 22.04,closed,2024-07-05T06:45:03Z,,,,,,,,,,
Qiskit/qiskit-aer,2180,https://github.com/Qiskit/qiskit-aer/issues/2180,AerSimulator does not support expr.shift_left (Binary.Op.SHIFT_LEFT),open,2024-06-23T18:27:37Z,,,,,,,,,,
Qiskit/qiskit-aer,2178,https://github.com/Qiskit/qiskit-aer/issues/2178,DeprecationWarning about Provider,closed,2024-06-21T01:15:22Z,,,,,,,,,,
Qiskit/qiskit-aer,2176,https://github.com/Qiskit/qiskit-aer/issues/2176,"qiskit-aer-gpu throws an error when using AerSimulator(method='tensor_network', device='GPU')",closed,2024-06-15T09:03:41Z,X,GPU tensor_network device= GPU set_options() not accepted,Backend-/Framework-Integrations-Bug ,Framework-Integration ,C,,,It's about how options/methods are evaluated in the interaction between Python bindings and the C++ backend. ,The error lies in the wiring between the front-end option and the internal back-end controller. ,This is a specific implementation bug in the integration logic that cannot be reliably caught by generic static checks or simple metadata guards. 
Qiskit/qiskit-aer,2171,https://github.com/Qiskit/qiskit-aer/issues/2171,Control flow is not working after I upgrade to 0.14.1,closed,2024-06-11T12:33:41Z,,,,,,,,,,
Qiskit/qiskit-aer,2167,https://github.com/Qiskit/qiskit-aer/issues/2167,Missing `cp39-cp39-macosx_11_0_arm64` wheels since `0.14.1`,open,2024-06-06T09:06:56Z,,,,,,,,,,
Qiskit/qiskit-aer,2164,https://github.com/Qiskit/qiskit-aer/issues/2164,stabilizer method fails with SamplerV2,closed,2024-06-04T14:43:12Z,,,,,,,,,,
Qiskit/qiskit-aer,2152,https://github.com/Qiskit/qiskit-aer/issues/2152,AerSimulator from V1 backend errors with delay circuits,open,2024-05-29T14:31:23Z,,,,,,,,,,
Qiskit/qiskit-aer,2144,https://github.com/Qiskit/qiskit-aer/issues/2144,cuQuantum(cuStateVec) not invoked by statevector simulator,closed,2024-05-21T10:38:48Z,X,"cuStateVec_enable=True wird nicht aufgerufen, cuStateVec wird nicht aktiviert = GPU Backend API Bug",Backend-/Framework-Integrations-Bug ,Framework-Integration ,A,,,cuStateVec is never called despite the flag being set - an error in the initialization logic between the API and the backend. ,"The break point is the call flow in the framework that does not activate an existing feature. 
",A static call graph/init check could detect that the corresponding backend call is never made for the flag path. i.e. dead code or missing calls
Qiskit/qiskit-aer,2141,https://github.com/Qiskit/qiskit-aer/issues/2141,Transpile with multiple circuits fails after qiskit 1.1,closed,2024-05-17T08:10:16Z,,,,,,,,,,
Qiskit/qiskit-aer,2140,https://github.com/Qiskit/qiskit-aer/issues/2140,Can't set method for EstimatorV2,closed,2024-05-16T20:09:03Z,,,,,,,,,,
Qiskit/qiskit-aer,2135,https://github.com/Qiskit/qiskit-aer/issues/2135,ProcessPoolExecutor can't be used (for CPU-bound tasks),open,2024-05-10T18:45:18Z,,,,,,,,,,
Qiskit/qiskit-aer,2133,https://github.com/Qiskit/qiskit-aer/issues/2133,Number of qubits (15) in circuit-164 is greater than maximum (14) in the coupling_map,closed,2024-05-10T13:57:35Z,X,"Expliziter GPU-Run (device= GPU, cuStateVec_enable=True, cuQuantum-Imports)",Performance-/Numerik-Bug ,Backend-Library ,C,,,The density operator simulation hangs or crashes beyond a qubit threshold,This behavior indicates a limitation in the implementation or resource behavior of the density matrix backend,"Without clear, predefined limits, this remains a runtime/implementation problem that cannot be meaningfully excluded statically. "
Qiskit/qiskit-aer,2127,https://github.com/Qiskit/qiskit-aer/issues/2127,"qc.cx(0, 1, ctrl_state=0) fails - AerError: 'unknown instruction: cx_o0'",closed,2024-05-08T16:05:35Z,,,,,,,,,,
Qiskit/qiskit-aer,2126,https://github.com/Qiskit/qiskit-aer/issues/2126,Error with import qiskit_aer,open,2024-05-07T08:15:57Z,,,,,,,,,,
Qiskit/qiskit-aer,2125,https://github.com/Qiskit/qiskit-aer/issues/2125,Stabilizer simulator gives wrong wrong answer sometimes,open,2024-05-06T16:52:02Z,,,,,,,,,,
Qiskit/qiskit-aer,2124,https://github.com/Qiskit/qiskit-aer/issues/2124,Aer simulator fails when running a runtime sampler with a dynamic circuit,open,2024-05-06T13:13:09Z,,,,,,,,,,
Qiskit/qiskit-aer,2123,https://github.com/Qiskit/qiskit-aer/issues/2123,EstimatorV2: from_backend does nothing,closed,2024-05-03T13:00:04Z,,,,,,,,,,
Qiskit/qiskit-aer,2122,https://github.com/Qiskit/qiskit-aer/issues/2122,extended_stabilizer can't handle rz Clifford gates,open,2024-05-03T12:56:26Z,,,,,,,,,,
Qiskit/qiskit-aer,2121,https://github.com/Qiskit/qiskit-aer/issues/2121,"EstimatorV2 extended_stabilizer fails"" invalid instructions {""instructions"": {save_expval}}",open,2024-05-03T12:52:09Z,,,,,,,,,,
Qiskit/qiskit-aer,2118,https://github.com/Qiskit/qiskit-aer/issues/2118,Kernel dies when ECR in basis gate set for MPS,closed,2024-05-01T12:24:18Z,,,,,,,,,,
Qiskit/qiskit-aer,2117,https://github.com/Qiskit/qiskit-aer/issues/2117,Minor issue in EstimatorV2 __init__ - can't specify method in options,closed,2024-05-01T12:02:56Z,,,,,,,,,,
Qiskit/qiskit-aer,2111,https://github.com/Qiskit/qiskit-aer/issues/2111,Shot branching tests are unreliable on macOS,open,2024-04-30T15:38:36Z,,,,,,,,,,
Qiskit/qiskit-aer,2108,https://github.com/Qiskit/qiskit-aer/issues/2108,Can't install qiskit_aer and qiskit using conda,open,2024-04-26T20:04:13Z,,,,,,,,,,
Qiskit/qiskit-aer,2107,https://github.com/Qiskit/qiskit-aer/issues/2107,The 'stabilizer' and 'matrix_product_state' methods return incorrect results for more than 64 qubits,closed,2024-04-25T03:08:44Z,,,,,,,,,,
Qiskit/qiskit-aer,2104,https://github.com/Qiskit/qiskit-aer/issues/2104,Aer simulator (stabilizer) only reports results of first 64 qubits - unless you reset the qubits first,closed,2024-04-22T00:42:25Z,,,,,,,,,,
Qiskit/qiskit-aer,2103,https://github.com/Qiskit/qiskit-aer/issues/2103,"Qiskit Aer not support  cry, crx ,crz",open,2024-04-18T23:18:46Z,,,,,,,,,,
Qiskit/qiskit-aer,2100,https://github.com/Qiskit/qiskit-aer/issues/2100,Noiseless estimator not working with non-Hermitian fermionic operators,open,2024-04-15T15:03:57Z,,,,,,,,,,
Qiskit/qiskit-aer,2091,https://github.com/Qiskit/qiskit-aer/issues/2091,The noisy simulation of dynamic circuits gives to incorrect measurement outcomes,closed,2024-03-29T10:34:36Z,,,,,,,,,,
Qiskit/qiskit-aer,2086,https://github.com/Qiskit/qiskit-aer/issues/2086,CCZ gates aren't accepted by the statevector_simulator,closed,2024-03-21T16:56:41Z,,,,,,,,,,
Qiskit/qiskit-aer,2084,https://github.com/Qiskit/qiskit-aer/issues/2084,Aer sampler does not truncate to active number of qubits,closed,2024-03-18T13:08:58Z,,,,,,,,,,
Qiskit/qiskit-aer,2082,https://github.com/Qiskit/qiskit-aer/issues/2082,No module found qiskit.providers.aes ,closed,2024-03-12T21:09:12Z,,,,,,,,,,
Qiskit/qiskit-aer,2080,https://github.com/Qiskit/qiskit-aer/issues/2080,ImportError: cannot import name 'NoiseModel' from 'qiskit_aer' ,closed,2024-03-05T18:16:48Z,,,,,,,,,,
Qiskit/qiskit-aer,2077,https://github.com/Qiskit/qiskit-aer/issues/2077,"Encountring ""MPI_ERR_COUNT: invalid count argument"" when creating GHZ states on multiple nodes",open,2024-02-29T05:49:24Z,X,Thread explicitly contains runs with device= GPU and CUDA errors (cudaErrorMemoryAllocation) in the context of MPI,Backend-/Framework-Integrations-Bug ,Framework-Integration,B,B2 contractually,,The error arises from the interaction between Aer GPU blocking and MPI.,The problem lies in the distribution and communication of data between the simulator and the MPI layer. ,"Message counts and layout are known before the call, and invariants/contracts on these counts could detect and block an inconsistent state in advance"
Qiskit/qiskit-aer,2074,https://github.com/Qiskit/qiskit-aer/issues/2074,CostBasedFusion aggregate_operations crash,closed,2024-02-26T12:00:19Z,,,,,,,,,,
Qiskit/qiskit-aer,2073,https://github.com/Qiskit/qiskit-aer/issues/2073,Calling AerState amplitude (also probability) is slow,closed,2024-02-26T11:14:58Z,,,,,,,,,,
Qiskit/qiskit-aer,2060,https://github.com/Qiskit/qiskit-aer/issues/2060,Aer not getting imported.,closed,2024-02-16T17:09:47Z,,,,,,,,,,
Qiskit/qiskit-aer,2056,https://github.com/Qiskit/qiskit-aer/issues/2056,MPS reports incorrect required memory,closed,2024-02-07T18:25:02Z,,,,,,,,,,
Qiskit/qiskit-aer,2053,https://github.com/Qiskit/qiskit-aer/issues/2053,Aer `0.13.3` fails to install,closed,2024-02-06T19:11:07Z,,,,,,,,,,
Qiskit/qiskit-aer,2043,https://github.com/Qiskit/qiskit-aer/issues/2043,Noisy Identity Gates fail with control flow operations,closed,2024-01-30T05:38:36Z,,,,,,,,,,
Qiskit/qiskit-aer,2042,https://github.com/Qiskit/qiskit-aer/issues/2042,estimator add a register named 'c' to the circuit which may clash with existing classical register,open,2024-01-29T17:08:05Z,,,,,,,,,,
Qiskit/qiskit-aer,2039,https://github.com/Qiskit/qiskit-aer/issues/2039,Aer.backends returns repeated backends,closed,2024-01-25T13:00:50Z,,,,,,,,,,
Qiskit/qiskit-aer,2037,https://github.com/Qiskit/qiskit-aer/issues/2037,Unable to find GPU in qiskit-aer-gpu 0.13.2,closed,2024-01-19T16:18:43Z,X,"Explicitly installed qiskit-aer-gpu, but only CPU devices are found",Config-/Environment-Bug,Build/Deploy/Environment ,B,B1 static,,"GPU backends are not visible despite being installed, indicating a missing or incorrect detection configuration. ",The problem lies in the way installed GPU capabilities and libraries are detected at startup. ,Preflight checks can be performed before execution to verify that GPU-enabled binaries and appropriate drivers are available. 
Qiskit/qiskit-aer,2036,https://github.com/Qiskit/qiskit-aer/issues/2036,CZ not compatible with If_test and NoiseModel,closed,2024-01-19T12:57:20Z,,,,,,,,,,
Qiskit/qiskit-aer,2033,https://github.com/Qiskit/qiskit-aer/issues/2033,Transpiler errors with Aer 0.13 backends,open,2024-01-17T16:22:48Z,,,,,,,,,,
Qiskit/qiskit-aer,2030,https://github.com/Qiskit/qiskit-aer/issues/2030,qiskit-aer-gpu with MPI takes longer to run code on distributed nodes,open,2024-01-16T07:14:22Z,X,Discusses explicitly multi-node/MPI performance and compares CPU vs. device= GPU,Performance-/Numerik-Bug ,Runtime-/Framework-Runtime ,C,,,"Multi-node MPI becomes significantly slower, although results remain correct—a pure performance and scaling effect. ",The cause lies in network topology MPI runtime parameters,What is missing here is a clear contract that can be formulated in advance. Poor scaling is an emergent runtime behavior without a clear statically usable invariant. 
Qiskit/qiskit-aer,2027,https://github.com/Qiskit/qiskit-aer/issues/2027,qiskit.provider.aer ModuleNotFoundError with mpirun,closed,2024-01-11T11:57:24Z,X,Aer was “built with MPI and GPU support; mpirun causes crashes/import problems when running GPU state vectors.” ,Config-/Environment-Bug,Build/Deploy/Environment ,B,B1 static,,"Das Verhalten unterscheidet sich nur zwischen direktem python3 und mpirun-Aufruf, was auf ein falsches MPI-/Umgebungs-Setup hinweist. ","The error occurs when starting the program via MPI and affects the process environment, not the Aer code or the backend itself. ",A preflight check using env variables and modules can verify whether all MPI ranks see the same Python environment/Aer installation before execution. 
Qiskit/qiskit-aer,2025,https://github.com/Qiskit/qiskit-aer/issues/2025,[qiskit-aer-gpu] Cannot execute parallel processes with mpirun,closed,2024-01-09T07:46:52Z,X,Uses qiskit-aer-gpu + device= GPU + cuStateVec_enable and describes that multi-node via MPI does not share GPU resources as expected.,Config-/Environment-Bug ,Build/Deploy/Environment ,B,B1 static,,The issue describes that qiskit-aer-gpu installed via pip does not actually offer MPI support and therefore all processes run in isolation ,"This affects the delivered wheel and its build options, not the runtime logic or backend behavior. ","Whether a wheel was built with MPI support is a static property of the package that can be checked via metadata or tags and resolver rules before deployment. 
"
Qiskit/qiskit-aer,2021,https://github.com/Qiskit/qiskit-aer/issues/2021,Copy results to python data structure in`measure_sampler` is not parallelized,closed,2024-01-03T17:59:25Z,,,,,,,,,,
Qiskit/qiskit-aer,2020,https://github.com/Qiskit/qiskit-aer/issues/2020,binary operations do not support `types.bool`,closed,2024-01-03T16:28:05Z,,,,,,,,,,
Qiskit/qiskit-aer,2019,https://github.com/Qiskit/qiskit-aer/issues/2019,"Qiskit Aer Estimator has a bug with default setting, `abelian_grouping=True`",open,2023-12-31T05:18:49Z,,,,,,,,,,
Qiskit/qiskit-aer,2017,https://github.com/Qiskit/qiskit-aer/issues/2017,error C1060: compiler is out of heap space when building,closed,2023-12-19T22:31:22Z,,,,,,,,,,
Qiskit/qiskit-aer,2015,https://github.com/Qiskit/qiskit-aer/issues/2015,Cannot transpile circuits with reset gate when noise modell is not None for simulator ,closed,2023-12-13T15:37:43Z,,,,,,,,,,
Qiskit/qiskit-aer,2011,https://github.com/Qiskit/qiskit-aer/issues/2011,GPU binaries are not published on PyPI,closed,2023-11-30T01:37:06Z,X,Explicitly concerns the lack of publication of GPU binaries on PyPI. ,Build-/Install-/Packaging-Bug,Build/Deploy/Environment ,B,B1 static,,The error lies in the fact that GPU wheels are built in CI but not published on PyPI. This means it is a release problem,The entire process takes place in the CI-release pipeline before users can execute anything,"The correctness of the build configuration can be derived entirely from configuration files and pipeline scripts and can be verified by static checks and tests. 

"
Qiskit/qiskit-aer,2009,https://github.com/Qiskit/qiskit-aer/issues/2009,`target.qargs` contains `None`,closed,2023-11-27T09:13:42Z,,,,,,,,,,
Qiskit/qiskit-aer,2007,https://github.com/Qiskit/qiskit-aer/issues/2007,Aer 0.13.1 raises an import error with Qiskit 0.44.3,closed,2023-11-27T06:53:57Z,,,,,,,,,,
Qiskit/qiskit-aer,2005,https://github.com/Qiskit/qiskit-aer/issues/2005,"Increasing memory usage of simulation of quantum circuits in a ""for"" loop",closed,2023-11-23T15:55:22Z,,,,,,,,,,
Qiskit/qiskit-aer,1999,https://github.com/Qiskit/qiskit-aer/issues/1999,`QasmSimulator` fails on a simple circuit,closed,2023-11-14T15:46:09Z,,,,,,,,,,
Qiskit/qiskit-aer,1997,https://github.com/Qiskit/qiskit-aer/issues/1997,`AerSimulator` from `NoiseModel` does not work with dynamic circuits,closed,2023-11-13T13:51:38Z,,,,,,,,,,
Qiskit/qiskit-aer,1988,https://github.com/Qiskit/qiskit-aer/issues/1988,`AerSimulator.coupling_map` is not properly generated,closed,2023-11-06T07:15:00Z,,,,,,,,,,
Qiskit/qiskit-aer,1987,https://github.com/Qiskit/qiskit-aer/issues/1987, AerSimulator.from_backend() does not work with qiskit_aer 0.13.0,closed,2023-11-04T21:13:30Z,,,,,,,,,,
Qiskit/qiskit-aer,1986,https://github.com/Qiskit/qiskit-aer/issues/1986,Estimator with approximation=True gives poor approximation,open,2023-11-03T22:29:26Z,,,,,,,,,,
Qiskit/qiskit-aer,1985,https://github.com/Qiskit/qiskit-aer/issues/1985,Performance regression simulating circuits with a noise model in Aer 0.13.0,closed,2023-11-03T17:48:26Z,,,,,,,,,,
Qiskit/qiskit-aer,1982,https://github.com/Qiskit/qiskit-aer/issues/1982,Transpiler transpiles unnecessary gate optimization,closed,2023-11-01T09:26:59Z,,,,,,,,,,
Qiskit/qiskit-aer,1978,https://github.com/Qiskit/qiskit-aer/issues/1978,Unable to install qiskit-aer from source,open,2023-10-30T16:27:22Z,,,,,,,,,,
Qiskit/qiskit-aer,1977,https://github.com/Qiskit/qiskit-aer/issues/1977,Initializing the zero state and applying a circuit returns a different statevector than applying a circuit without initializing the zero state.,closed,2023-10-30T15:22:06Z,,,,,,,,,,
Qiskit/qiskit-aer,1975,https://github.com/Qiskit/qiskit-aer/issues/1975,Circuits with `Reset` can not be transpiled with `AerSimulator` with a noise model,closed,2023-10-27T19:08:38Z,,,,,,,,,,
Qiskit/qiskit-aer,1973,https://github.com/Qiskit/qiskit-aer/issues/1973,Cannot import AerSimulator,open,2023-10-27T14:53:09Z,,,,,,,,,,
Qiskit/qiskit-aer,1960,https://github.com/Qiskit/qiskit-aer/issues/1960,Transpiling a circuit with switch case fails,closed,2023-10-16T16:51:43Z,,,,,,,,,,
Qiskit/qiskit-aer,1956,https://github.com/Qiskit/qiskit-aer/issues/1956,Aer Sampler with RawFeatureVector crashes,open,2023-10-11T06:35:49Z,,,,,,,,,,
Qiskit/qiskit-aer,1948,https://github.com/Qiskit/qiskit-aer/issues/1948,"Estimator on SparsePauliOp([""XY"", ""XX""], ...) and SparsePauliOp([Pauli(""XYZ""), Pauli(""XX"")], ...) have different result",closed,2023-09-26T15:39:57Z,,,,,,,,,,
Qiskit/qiskit-aer,1944,https://github.com/Qiskit/qiskit-aer/issues/1944,Cmake error at cmake/conan.cmake:404(message),open,2023-09-22T06:43:10Z,,,,,,,,,,
Qiskit/qiskit-aer,1937,https://github.com/Qiskit/qiskit-aer/issues/1937,wrong excited state population when building noise model from backend - frequency unit,closed,2023-09-13T14:12:01Z,,,,,,,,,,
Qiskit/qiskit-aer,1934,https://github.com/Qiskit/qiskit-aer/issues/1934,`AerSampler` takes too much time when running large number of circuits,closed,2023-09-11T12:42:39Z,,,,,,,,,,
Qiskit/qiskit-aer,1932,https://github.com/Qiskit/qiskit-aer/issues/1932,Extended stabilizer is not thread safe,closed,2023-09-08T05:00:19Z,,,,,,,,,,
Qiskit/qiskit-aer,1927,https://github.com/Qiskit/qiskit-aer/issues/1927,extended_stabilizer simulator returns max_memory_mb error even for very small circuits,closed,2023-09-06T00:32:04Z,,,,,,,,,,
Qiskit/qiskit-aer,1925,https://github.com/Qiskit/qiskit-aer/issues/1925,Aer runtime api (from contrib) exposes the wrong sx operation,closed,2023-09-04T09:50:44Z,,,,,,,,,,
Qiskit/qiskit-aer,1924,https://github.com/Qiskit/qiskit-aer/issues/1924,"I tried to compile qiskit-aer gpu using qiskit-aer source code. However, when I compiled, there was an error. I guessed that it was the C++ version, but when I modified C++14 to 17, it did not solve the problem.",closed,2023-09-04T08:42:40Z,X,"qiskit-aer-gpu + cuQuantum/cuTensor  C++ errors: std::enable_if_t, auto return type",Build-/Install-/Packaging-Bug,Build/Deploy/Environment ,B,B1 statis,,The build with cuQuantum fails due to C++ language features and NVCC configuration. A build error. ,The crash occurs when compiling the sources. Everything on the backend works fine,"Supported compiler/NVCC versions and C++ standards can be encoded in a support matrix and validated before the build via a configuration check. 
"
Qiskit/qiskit-aer,1923,https://github.com/Qiskit/qiskit-aer/issues/1923,Error building on macOS: `undeclared identifier '_SC_PHYS_PAGES'`,closed,2023-09-03T03:42:02Z,,,,,,,,,,
Qiskit/qiskit-aer,1921,https://github.com/Qiskit/qiskit-aer/issues/1921,Aer function to check the memory requirement upfront when using simulators,closed,2023-08-30T14:41:51Z,,,,,,,,,,
Qiskit/qiskit-aer,1920,https://github.com/Qiskit/qiskit-aer/issues/1920,Matrix product state simulator aborts with wrong error message,closed,2023-08-29T13:20:43Z,,,,,,,,,,
Qiskit/qiskit-aer,1919,https://github.com/Qiskit/qiskit-aer/issues/1919,[Follow up] Issue-1721: GPU low clock usage,open,2023-08-28T15:35:53Z,X,"Explizit GPU-Sample (CUDA 12.0, Tesla T4) and problem with limitation with multi-circuit execution on GPU ",Performance-/Numerik-Bug ,High-Level-API / Framework-Logic ,C,,,"It is described that the AerSampler performs worse on the GPU than the CPU simulator for many circuits, even though the results are correct. Performance or scaling issue","The problem lies in the batching of the sampler framework. Kernel programming seems okay
","The poor scaling results from runtime behavior and heuristics of the framework, which cannot be reliably avoided by simple static rules or metadata checks. "
Qiskit/qiskit-aer,1918,https://github.com/Qiskit/qiskit-aer/issues/1918,_apply_matrix_double_avx_q0q1 compile issue with the latest VC++,closed,2023-08-28T13:58:42Z,,,,,,,,,,
Qiskit/qiskit-aer,1917,https://github.com/Qiskit/qiskit-aer/issues/1917,false error message ,open,2023-08-24T20:10:23Z,,,,,,,,,,
Qiskit/qiskit-aer,1916,https://github.com/Qiskit/qiskit-aer/issues/1916,AerSimulator results show correlation across seed numbers when using reset with the stabilizer method,open,2023-08-24T19:19:09Z,,,,,,,,,,
Qiskit/qiskit-aer,1908,https://github.com/Qiskit/qiskit-aer/issues/1908,Random segfault on existing tests due to data alignment.,closed,2023-08-23T22:27:59Z,,,,,,,,,,
Qiskit/qiskit-aer,1905,https://github.com/Qiskit/qiskit-aer/issues/1905,Passing const char* to a char* parameter in CacheBlocking::insert_sim_op call,closed,2023-08-22T17:37:29Z,,,,,,,,,,
Qiskit/qiskit-aer,1896,https://github.com/Qiskit/qiskit-aer/issues/1896,The NoiseModel of ibmq_guadalupe cannot be accessed,closed,2023-08-17T04:43:31Z,,,,,,,,,,
Qiskit/qiskit-aer,1893,https://github.com/Qiskit/qiskit-aer/issues/1893,Aborted (core dumped) QASM simulator error for extremely high depth circuits with rz gates,open,2023-08-14T22:09:59Z,,,,,,,,,,
Qiskit/qiskit-aer,1888,https://github.com/Qiskit/qiskit-aer/issues/1888,Aer stabilizer simulator measurement outcomes depend on whether other measurements are done concurrently for large circuits,open,2023-08-06T20:12:23Z,,,,,,,,,,
Qiskit/qiskit-aer,1886,https://github.com/Qiskit/qiskit-aer/issues/1886,Segmentation Fault From AerStatevector,open,2023-08-03T04:54:07Z,,,,,,,,,,
Qiskit/qiskit-aer,1882,https://github.com/Qiskit/qiskit-aer/issues/1882,[qiskit-aer-gpu] Probem when building from source,closed,2023-07-26T10:06:01Z,X,"Build-from-source with cuQuantum, AER_THRUST_BACKEND=CUDA, nvcc crashes with nvcc fatal",Build-/Install-/Packaging-Bug,Build/Deploy/Environment ,B,B1 statis,,Build problem with NVCC aborts with “single input file required” because NVCC calls are generated incorrectly,The error occurs when generating the binaries during the build process,Incorrectly composed nvcc commands can be detected in advance by CI build tests or static verification of the CMake configuration. 
Qiskit/qiskit-aer,1878,https://github.com/Qiskit/qiskit-aer/issues/1878,Segfault when simulating circuits with specific number of qubits,closed,2023-07-24T05:37:12Z,,,,,,,,,,
Qiskit/qiskit-aer,1874,https://github.com/Qiskit/qiskit-aer/issues/1874,[qiskit-aer-gpu] ImportError: libcustatevec.so.1,open,2023-07-14T13:19:10Z,X,qiskit-aer-gpu fails to import due to missing GPU backend libraries ,Config-/Environment-Bug,Build/Deploy/Environment ,B,B1 statis,,The import of qiskit_aer fails due to libcustatevec.so.1 as long as the library is not in the search path. Configuration error. ,This affects installed shared libraries and their path/RPATH configuration,Which libraries are required and where they must be located is encoded in Packaging/Installer and Support documentation and can be statically validated by setup checks. 
Qiskit/qiskit-aer,1873,https://github.com/Qiskit/qiskit-aer/issues/1873,Parallelisation over experiments stops working after submitting unparallelised experiment,closed,2023-07-12T14:33:56Z,,,,,,,,,,
Qiskit/qiskit-aer,1870,https://github.com/Qiskit/qiskit-aer/issues/1870,AerSimulator options (`max_parallel_experiments=` or `precision=`) not working as expected.,closed,2023-07-11T16:16:41Z,,,,,,,,,,
Qiskit/qiskit-aer,1866,https://github.com/Qiskit/qiskit-aer/issues/1866,Linux aarch64 wheel missing for latest release,closed,2023-07-07T14:13:37Z,,,,,,,,,,
Qiskit/qiskit-aer,1865,https://github.com/Qiskit/qiskit-aer/issues/1865,Wrong outcome using c_if on simulator,closed,2023-07-07T12:56:22Z,,,,,,,,,,
Qiskit/qiskit-aer,1863,https://github.com/Qiskit/qiskit-aer/issues/1863,Aer update causing issues in backend execution ,closed,2023-07-06T18:37:19Z,,,,,,,,,,
Qiskit/qiskit-aer,1862,https://github.com/Qiskit/qiskit-aer/issues/1862,Error while building qiskit-aer from source for MPI suuport,closed,2023-07-06T07:56:16Z,X,Build/Install-Fehler tritt explizit beim Build mit CUDA/GPU-Backend auf (DAER_THRUST_BACKEND=CUDA),Build-/Install-/Packaging-Bug,Build/Deploy/Environment ,B,B1 statis,,The build with -DAER_MPI=True fails in the pybind11 bindings due to reference problems,The breakpoint is the compilation step of the Python bindings,"Incompatible combinations of Aer code, pybind11 version, and compiler can be detected prior to delivery using version constraints and CI builds. "
Qiskit/qiskit-aer,1861,https://github.com/Qiskit/qiskit-aer/issues/1861,Readout Error has absolutely no effect,open,2023-07-06T05:29:29Z,,,,,,,,,,
Qiskit/qiskit-aer,1858,https://github.com/Qiskit/qiskit-aer/issues/1858,Incorrect measurement with `Schedule` run,closed,2023-07-02T09:56:31Z,,,,,,,,,,
Qiskit/qiskit-aer,1857,https://github.com/Qiskit/qiskit-aer/issues/1857,Python runs out of memory due to AerJob storing circuits,open,2023-06-29T14:34:34Z,,,,,,,,,,
Qiskit/qiskit-aer,1856,https://github.com/Qiskit/qiskit-aer/issues/1856,Type Error: AerBackend._run_qobj() got multiple values for argument 'parameter_binds' ,closed,2023-06-27T04:22:20Z,,,,,,,,,,
Qiskit/qiskit-aer,1855,https://github.com/Qiskit/qiskit-aer/issues/1855,Aer unitary simulator fails with C5X gate,closed,2023-06-26T09:50:09Z,,,,,,,,,,
Qiskit/qiskit-aer,1853,https://github.com/Qiskit/qiskit-aer/issues/1853,snapshot instruction not recognized by AER,closed,2023-06-21T08:37:44Z,,,,,,,,,,
Qiskit/qiskit-aer,1852,https://github.com/Qiskit/qiskit-aer/issues/1852,Update Qiskit-aer-gpu to 0.12,closed,2023-06-18T08:13:48Z,X,"Explicit qiskit-aer-gpu version release incompatibility (GPU 0.11.2 failed, no 0.12 for GPU on PyPI) ",Build-/Install-/Packaging-Bug,Build/Deploy/Environment ,B,B1 statis,,"The issue describes that CPU Aer is already available in version 0.12.x, but only 0.11.2 is available on PyPI for GPU. This means there is a release mismatch between CPU and GPU wheels. ",This refers exclusively to package versions provided in the ecosystem,A consistent versioning policy and a package resolver can detect that there is no suitable GPU version for the selected CPU version and report this early on. 
Qiskit/qiskit-aer,1849,https://github.com/Qiskit/qiskit-aer/issues/1849,bug in Estimator for parameterized dynamic circuits,closed,2023-06-15T15:30:59Z,,,,,,,,,,
Qiskit/qiskit-aer,1844,https://github.com/Qiskit/qiskit-aer/issues/1844,Error early when `shots` is set to a `float` in the primitives,closed,2023-06-12T18:00:01Z,,,,,,,,,,
Qiskit/qiskit-aer,1837,https://github.com/Qiskit/qiskit-aer/issues/1837,Aer Estimator returns incorrect values in version 12.0,closed,2023-06-02T19:35:59Z,,,,,,,,,,
Qiskit/qiskit-aer,1821,https://github.com/Qiskit/qiskit-aer/issues/1821,``Initialize`` with an integer parameter is not compatible with ``AerSimulator``,closed,2023-05-22T19:53:24Z,,,,,,,,,,
Qiskit/qiskit-aer,1820,https://github.com/Qiskit/qiskit-aer/issues/1820,Estimator handles shots=None incorrectly,closed,2023-05-22T16:06:07Z,,,,,,,,,,
Qiskit/qiskit-aer,1816,https://github.com/Qiskit/qiskit-aer/issues/1816,Aer Estimator fails on parameter binding when executing complex circuits,closed,2023-05-17T17:05:20Z,,,,,,,,,,
Qiskit/qiskit-aer,1815,https://github.com/Qiskit/qiskit-aer/issues/1815,Initializing Noise model from backend gives TypeError: unsupported operand type(s) for *: 'int' and 'NoneType',closed,2023-05-17T14:23:16Z,,,,,,,,,,
Qiskit/qiskit-aer,1811,https://github.com/Qiskit/qiskit-aer/issues/1811,Sampler with `shots=None` does not calculate resets exactly,open,2023-05-14T02:02:33Z,,,,,,,,,,
Qiskit/qiskit-aer,1810,https://github.com/Qiskit/qiskit-aer/issues/1810,Sampler with `shots=None` supports neither mid-circuit measurements nor unwritten classical bits,open,2023-05-14T01:56:22Z,,,,,,,,,,
Qiskit/qiskit-aer,1803,https://github.com/Qiskit/qiskit-aer/issues/1803,docstring missing for `Sampler.close()`,closed,2023-05-10T00:58:12Z,,,,,,,,,,
Qiskit/qiskit-aer,1800,https://github.com/Qiskit/qiskit-aer/issues/1800,cudaErrorNoKernelImageForDevice: no kernel image is available for execution on the device,closed,2023-05-05T06:53:15Z,X,GPU with CC 5.2 and CUDA  not supported (requires CC ≥ 6.0-7.0) ,Config-/Environment-Bug,Build/Deploy/Environment ,B,B1 statis,,"The installed GPU does not meet the hidden minimum requirements of the Aer GPU binaries, so the GPU variant cannot be used. Config error detected","This affects the combination of hardware, drivers, and built binaries",Supported compute capabilities can be described in a support matrix and could be checked as a hard requirement before installation or execution. 
Qiskit/qiskit-aer,1798,https://github.com/Qiskit/qiskit-aer/issues/1798,Sampler and Estimator with noise model doesn't work consistently for parametrized circuits,closed,2023-05-03T14:48:35Z,,,,,,,,,,
Qiskit/qiskit-aer,1797,https://github.com/Qiskit/qiskit-aer/issues/1797,Could not import the Aer provider from the qiskit-aer package ,closed,2023-05-03T14:38:02Z,,,,,,,,,,
Qiskit/qiskit-aer,1795,https://github.com/Qiskit/qiskit-aer/issues/1795,Aer Estimator wrongly reads global phase,closed,2023-04-26T16:10:01Z,,,,,,,,,,
Qiskit/qiskit-aer,1793,https://github.com/Qiskit/qiskit-aer/issues/1793,QASM3 dupliacte qubit arguments,closed,2023-04-25T13:40:06Z,,,,,,,,,,
Qiskit/qiskit-aer,1790,https://github.com/Qiskit/qiskit-aer/issues/1790,`tensor_network` method powered by cuQuantum is not available,closed,2023-04-24T05:00:38Z,X,method= tensor_network  + device= GPU  “Invalid simulation method” ,Build-/Install-/Packaging-Bug,Build/Deploy/Environment ,B,B1 statis,,"qiskit-aer ist in 0.12.0 installiert, qiskit-aer-gpu aber nur in 0.11.2, und method=""tensor_network"" wird auf GPU als „invalid simulation method“ abgelehnt","The cause lies in the built wheels and their feature set (CPU vs. GPU), i.e., in the build/packaging process",Whether a particular GPU wheel supports tensor_network is a static build property that can be checked via package metadata or a support matrix before installation or use.
Qiskit/qiskit-aer,1789,https://github.com/Qiskit/qiskit-aer/issues/1789,Conan error when building qiskit-aer,open,2023-04-23T11:22:28Z,X,Conan 2.0 incompatible + cuStateVec not supported ,Build-/Install-/Packaging-Bug,Build/Deploy/Environment ,B,B1 statis,,The build fails because the Conan/CMake script runs against Conan 2 with an outdated -e=CONAN_CMAKE_PROGRAM flag—an error in the build scripts.,The error occurs entirely in the build process (Conan + CMake) before any Aer backend or API is used,The incompatibility of Conan 2 with certain flags can be described deterministically via tool and script versions and can be detected statically by CI/build checks or toolchain validation.
Qiskit/qiskit-aer,1796,https://github.com/Qiskit/qiskit-aer/issues/1796,`job.data()` throws invalid instructions exception `qiskit.exceptions.QiskitError`,closed,2023-04-22T12:52:02Z,,,,,,,,,,
Qiskit/qiskit-aer,1788,https://github.com/Qiskit/qiskit-aer/issues/1788,MPI segmentation fault with simple circuit on 1 node,open,2023-04-21T13:22:37Z,,,,,,,,,,
Qiskit/qiskit-aer,1784,https://github.com/Qiskit/qiskit-aer/issues/1784,SIGSEV when importing qiskit-aer,open,2023-04-19T02:09:53Z,,,,,,,,,,
Qiskit/qiskit-aer,1783,https://github.com/Qiskit/qiskit-aer/issues/1783,Qiskit Aer does not handle isolated Clbits,closed,2023-04-18T00:39:09Z,,,,,,,,,,
Qiskit/qiskit-aer,1782,https://github.com/Qiskit/qiskit-aer/issues/1782,Apple M1 install failed due to 'wchar.h' file not found and conan install: error: unrecognized arguments,closed,2023-04-17T11:22:24Z,,,,,,,,,,
Qiskit/qiskit-aer,1781,https://github.com/Qiskit/qiskit-aer/issues/1781,Problems with the extended_stabilizer method,closed,2023-04-14T14:44:35Z,,,,,,,,,,
Qiskit/qiskit-aer,1779,https://github.com/Qiskit/qiskit-aer/issues/1779,AerSimulator.from_backend does not handle faulty-qubits,closed,2023-04-13T14:56:51Z,,,,,,,,,,
Qiskit/qiskit-aer,1774,https://github.com/Qiskit/qiskit-aer/issues/1774,AerSimulator does not work for the circuit with barriers and parameters.,closed,2023-04-07T02:56:04Z,,,,,,,,,,
Qiskit/qiskit-aer,1773,https://github.com/Qiskit/qiskit-aer/issues/1773,Aer simulates parameterized circuits without parameter binds,closed,2023-04-05T04:34:20Z,,,,,,,,,,
Qiskit/qiskit-aer,1771,https://github.com/Qiskit/qiskit-aer/issues/1771,Duplicate parameter_binds,closed,2023-04-04T19:59:52Z,,,,,,,,,,
Qiskit/qiskit-aer,1769,https://github.com/Qiskit/qiskit-aer/issues/1769,Simulator method of FakeBackends changes num qubits in configuration,closed,2023-04-03T17:38:28Z,,,,,,,,,,
Qiskit/qiskit-aer,1765,https://github.com/Qiskit/qiskit-aer/issues/1765,Inconsistency in parameter input formats,closed,2023-03-29T04:04:21Z,,,,,,,,,,
Qiskit/qiskit-aer,1764,https://github.com/Qiskit/qiskit-aer/issues/1764,Aer estimator returning complex number for variance,closed,2023-03-27T13:56:53Z,,,,,,,,,,
Qiskit/qiskit-aer,1763,https://github.com/Qiskit/qiskit-aer/issues/1763,cuquantum simullation is not working in qikit-aer gpu,closed,2023-03-27T03:52:33Z,X,“cuquantum simulation is not working” in qiskit-aer-gpu ,Config-/Environment-Bug,Build/Deploy/Environment ,B,B1 statis,,"The problem occurs even though the code and API remain the same, but cuQuantum/cuStateVec does not work correctly despite installation ","It's about installation paths, libraries, and GPU capabilities/cuQuantum setup, i.e., precisely the deploy/env layer before the actual backend logic kicks in. ","cuStateVec is available on the GPU can generally be checked by performing a preflight check (support matrix + test load of the library) before the actual run. 
"
Qiskit/qiskit-aer,1754,https://github.com/Qiskit/qiskit-aer/issues/1754,Simulators stopped accepting float input for shots,closed,2023-03-22T15:08:38Z,,,,,,,,,,
Qiskit/qiskit-aer,1751,https://github.com/Qiskit/qiskit-aer/issues/1751,OMP: Info #271: omp_set_nested routine deprecated,closed,2023-03-20T11:52:50Z,,,,,,,,,,
Qiskit/qiskit-aer,1746,https://github.com/Qiskit/qiskit-aer/issues/1746,Performance regression from 0.11.2 to 0.12.0,closed,2023-03-14T02:54:00Z,,,,,,,,,,
Qiskit/qiskit-aer,1744,https://github.com/Qiskit/qiskit-aer/issues/1744,Dead kernel when running noisy simulation on Apple silicon,open,2023-03-10T14:12:56Z,,,,,,,,,,
Qiskit/qiskit-aer,1742,https://github.com/Qiskit/qiskit-aer/issues/1742,Test failures with 0.12.0 (0.11.2 passes),closed,2023-03-10T06:18:00Z,,,,,,,,,,
Qiskit/qiskit-aer,1736,https://github.com/Qiskit/qiskit-aer/issues/1736,Log messages emitted on imports,closed,2023-03-06T10:55:15Z,X,GPU and cuStateVec_enable=True but not supported,Backend-/Framework-Integrations-Bug ,High-Level-API / Framework-Logic ,C,,,Importing qiskit.providers.aer triggers INFO logs and assemblies. This is an integration issue related to how the provider integrates backend detection and logging. ,This affects provider initialization as the link between Terra and Aer. Clearly the framework/API layer. Has nothing to do with programming errors.,"Whether a module logs during import or already executes assemblies is primarily a design question; without explicitly defined static contracts, this behavior cannot be prevented in a meaningful way by generic type or metadata checks. "
Qiskit/qiskit-aer,1734,https://github.com/Qiskit/qiskit-aer/issues/1734,SIGABRT (-6) for GPU-based simulators in `multiprocessing` environment,closed,2023-03-02T09:58:59Z,X,Crash/SIGABRT only occurs when the simulator runs with device= GPU in a multiprocessing context. ,Backend-/Framework-Integrations-Bug ,Framework-Integration ,C,,,"The aer_simulator_statevector functions normally, but crashes with SIGABORT as soon as device=""GPU"" is set in a multiprocessing.Process. An integration error in the interaction between the framework, the GPU backend, and the model.  ",The problem is connecting the GPU backend to Python multiprocessing (fork/process context).  Precisely the integration layer,"A specific fork process combination works cleanly with GPU context depends heavily on the specific runtime state and runtime, and cannot be guaranteed purely through compile time or static contracts. 
"
Qiskit/qiskit-aer,1730,https://github.com/Qiskit/qiskit-aer/issues/1730,Aer is not compatible with Conan 2.0 API,open,2023-02-22T15:30:58Z,,,,,,,,,,
Qiskit/qiskit-aer,1725,https://github.com/Qiskit/qiskit-aer/issues/1725,GPU simulator freezes for circuits including resets.,closed,2023-02-16T13:10:22Z,X,GPU state vector freezes hangs on circuits with reset after explicitly setting device=GPU ,Performance-/Numerik-Bug ,Backend-Library ,C,,,"The run hangs indefinitely, but only for the configuration device=""GPU"" + reset() + shots>1. Functional logic is unchanged; the symptom is extremely poor calculation progress. ","The problem occurs in the GPU-specific simulation path of the Aer backend (state vector + reset + shots). In other words, in the backend implementation or its scheduling.","Whether this specific gate shot combination causes the backend to enter a deadlock or infinite loop only becomes apparent during runtime. A generic static analysis or simple configuration check cannot reliably detect this in advance. 
"
Qiskit/qiskit-aer,1723,https://github.com/Qiskit/qiskit-aer/issues/1723,`AerBackend` edits circuits metadata inplace on `run`,closed,2023-02-08T17:42:08Z,,,,,,,,,,
Qiskit/qiskit-aer,1721,https://github.com/Qiskit/qiskit-aer/issues/1721,GPU low clock usage,closed,2023-02-07T14:48:29Z,X,"Reported misconduct concerns GPU usage/clocking Aer apparently does not use GPU correctly, massive performance anomaly",Performance-/Numerik-Bug ,Runtime-/Framework-Runtime ,C,,,Aer uses the RTX GPU well below its potential. The GPU is slower than the CPU—it's all about performance.,"The observed slowness results from the interaction between Aer GPU, driver, workload, and scheduling in the runtime system: this is an indication for the framework runtime layer.","The performance and power state behavior of the GPU depends heavily on the system state, load profile, and runtime decisions, and cannot be reliably predicted using compile-time mechanisms or simple static contracts. "
Qiskit/qiskit-aer,1706,https://github.com/Qiskit/qiskit-aer/issues/1706,Aer simulator does not have `break_loop`,closed,2023-01-26T01:03:08Z,,,,,,,,,,
Qiskit/qiskit-aer,1704,https://github.com/Qiskit/qiskit-aer/issues/1704,Installing from source cannot find module 'controller_wrappers',closed,2023-01-25T08:52:01Z,,,,,,,,,,
Qiskit/qiskit-aer,1702,https://github.com/Qiskit/qiskit-aer/issues/1702,Aer simulator does not obey its own num_qubits arguement,open,2023-01-20T15:35:18Z,,,,,,,,,,
Qiskit/qiskit-aer,1698,https://github.com/Qiskit/qiskit-aer/issues/1698,CI fails in tests of python 3.11,closed,2023-01-11T06:30:49Z,,,,,,,,,,
Qiskit/qiskit-aer,1695,https://github.com/Qiskit/qiskit-aer/issues/1695,CI fails in integration tests (Neko),closed,2023-01-10T13:52:05Z,,,,,,,,,,
Qiskit/qiskit-aer,1694,https://github.com/Qiskit/qiskit-aer/issues/1694,MPS simulator hangs taking a measurement with limited bond dimension,closed,2023-01-09T03:43:45Z,,,,,,,,,,
Qiskit/qiskit-aer,1692,https://github.com/Qiskit/qiskit-aer/issues/1692,Importing `qiskit_aer` raises import warnings,closed,2023-01-02T15:20:30Z,,,,,,,,,,
