Project,IssueID,URL,Title,Status,CreatedAt,BugType ,StackLayer,CTClass,DUB,comment IRR Disussion,reason Bug,reason Stack,reason Class,
NVIDIA/cuda-quantum,3433,https://github.com/NVIDIA/cuda-quantum/issues/3433,Can not pip install cudaq on Ubuntu 22.04,open,2025-09-10T22:11:20Z,Build-/Install-/Packaging-Bug ,Build/Deploy/Environment ,B ,,,,,,
NVIDIA/cuda-quantum,2937,https://github.com/NVIDIA/cuda-quantum/issues/2937,Wrong simulation result with the tensornet/tensornet-mps target,closed,2025-05-21T06:22:52Z,Performance-/Numerik-Bug ,Backend-Library ,C,,,,,,
NVIDIA/cuda-quantum,2641,https://github.com/NVIDIA/cuda-quantum/issues/2641,Testing regression introduced with python/tests/kernel/test_explicit_measurements.py,closed,2025-02-20T18:10:53Z,Build-/Install-/Packaging-Bug,Build/Deploy/Environment,B ,,,,,,
NVIDIA/cuda-quantum,2628,https://github.com/NVIDIA/cuda-quantum/issues/2628,using cudaq.State and mqpu backend to run two independent circuit gives error,open,2025-02-17T20:35:00Z,Config-/Environment-Bug,Backend-Library,C,,,,,,
NVIDIA/cuda-quantum,2627,https://github.com/NVIDIA/cuda-quantum/issues/2627,List of list in kernel argument gives error,open,2025-02-17T16:38:51Z,API-/Usage-/Logic-Bug (High-Level) ,High-Level-API ,A,1809,,,,,
NVIDIA/cuda-quantum,2625,https://github.com/NVIDIA/cuda-quantum/issues/2625,[Python][MLIR?] Loop miscompilation,closed,2025-02-17T15:45:17Z,API-/Usage-/Logic-Bug (High-Level) ,Backend-Library ,B ,,,,,,
NVIDIA/cuda-quantum,2608,https://github.com/NVIDIA/cuda-quantum/issues/2608,The bridge failing to deal with captured globals.,open,2025-02-11T12:18:59Z,API-/Usage-/Logic-Bug (High-Level),Framework-Integration,B ,,,,,,
NVIDIA/cuda-quantum,2600,https://github.com/NVIDIA/cuda-quantum/issues/2600,Return list[complex] fails when returning list[float],closed,2025-02-07T15:17:46Z,API-/Usage-/Logic-Bug (High-Level) ,High-Level-API ,A,,,,,,
NVIDIA/cuda-quantum,2593,https://github.com/NVIDIA/cuda-quantum/issues/2593,cannot use @cudaq.kernel in the interpreter: OSError: could not get source code,open,2025-02-06T16:42:27Z,API-/Usage-/Logic-Bug (High-Level),High-Level-API / Framework-Logik,C,,,,,,
NVIDIA/cuda-quantum,2575,https://github.com/NVIDIA/cuda-quantum/issues/2575,custom gate register_operation doesn't seem to work if it is invoked in one kernel which is nested in another.,open,2025-02-02T19:37:34Z,1.4 API-/Usage-/Logic-Bug (High-Level) ,2.3 Framework-Integration ,C,,,,,,
NVIDIA/cuda-quantum,2560,https://github.com/NVIDIA/cuda-quantum/issues/2560,Input argument to a kernel throws an error,open,2025-01-30T16:21:31Z,API-/Usage-/Logic-Bug (High-Level),High-Level-API / Framework-Logik,A,,,,,,
NVIDIA/cuda-quantum,2550,https://github.com/NVIDIA/cuda-quantum/issues/2550,[Python] Noise channels don't respect single/double precision setting of the target,closed,2025-01-28T00:33:22Z,Performance-/Numerik-Bug,Backend-Library,C,,,,,,
NVIDIA/cuda-quantum,2541,https://github.com/NVIDIA/cuda-quantum/issues/2541,Python ast bridge and kernel builder do not properly annotate kernels,closed,2025-01-24T21:20:06Z,Backend-/Framework-Integrations-Bug ,Framework-Integration ,B ,,,,,,
NVIDIA/cuda-quantum,2540,https://github.com/NVIDIA/cuda-quantum/issues/2540,Python AST Builder assigns quantum memory artifacts to classic memory locations,closed,2025-01-24T21:10:55Z,API-/Usage-/Logic-Bug (High-Level/Compiler-IR),Backend-Library,B ,,,"Lowering generiert ein Muster, das Quanten-Referenzen in ein klassisches Array kopiert, was laut IR-Semantik verboten ist.","Backend-Library"": Das Problem liegt in den Codegen-/Optimizer-Pässen für Quake/CC-IR, nicht im User-Frontend.","(potenziell compile-time vermeidbar, fortgeschrittene Analyse)"": Ein IR-Verifier könnte verbieten, dass quake.ref in klassische Datenstrukturen gespeichert wird (lokales Pattern, aber spezieller Check nötig).",
NVIDIA/cuda-quantum,2538,https://github.com/NVIDIA/cuda-quantum/issues/2538,Python kernel builder uses empty strings for measurement names,closed,2025-01-24T20:04:52Z,API-/Usage-/Logic-Bug,High-Level-API / Framework-Logik,A,,Könnte auch C sein,"Python-Kernel-Builder erzeugt Mess-Operationen mit leerem Namen, obwohl dies in der IR als illegal definiert ist.","Fehler sitzt im High-Level-Builder, der ungültige IR erzeugt.","Ein einfacher lokaler Check ""Name darf nicht leer sein"" im Builder oder IR-Verifier würde dieses Pattern deterministisch verhindern.",
NVIDIA/cuda-quantum,2536,https://github.com/NVIDIA/cuda-quantum/issues/2536,Compile error when using `cudaq::adjoint` on quantum kernels with non-trivial `for` loop conditions,open,2025-01-24T14:47:30Z,API-/Usage-/Logic-Bug (High-Level),Backend-Library,C,,,Aus User-Sicht korrekte Schleifen (z.B. i < size-1 oder while (i < size)) lassen sich nicht adjungieren und führen zu Compilerfehlern/Crashes.,"Problem stammt aus den MLIR/CFG-/Adjoint-Pässen im Compiler, nicht aus Umgebung oder Backend-Auswahl.","Fehlende Unterstützung bestimmter Kontrollflussformen in der Adjoint-Pipeline ist ein Compiler-Implementierungsproblem, das nicht durch Zusatzchecks am Usercode vermieden werden kann.",
NVIDIA/cuda-quantum,2525,https://github.com/NVIDIA/cuda-quantum/issues/2525,cudaq.control() doesn't work with exp_pauli(),closed,2025-01-21T17:57:24Z,Performance-/Numerik-Bug ,Backend-Library ,C,1894,,,,,
NVIDIA/cuda-quantum,2457,https://github.com/NVIDIA/cuda-quantum/issues/2457,`mx` operation unsupported in OpenQASM conversion,closed,2024-12-09T19:27:09Z,Backend-/Framework-Integrations-Bug,FrameWork-Integration,C,,,,,,
NVIDIA/cuda-quantum,2453,https://github.com/NVIDIA/cuda-quantum/issues/2453,Float comparison operator throws throws error in cudaq.kernel,closed,2024-12-05T21:43:47Z,API-/Usage-/Logic-Bug (High-Level),Backend-Library,B ,,,,,,
NVIDIA/cuda-quantum,2452,https://github.com/NVIDIA/cuda-quantum/issues/2452,Error not thrown when broadcasting custom unitary to a qvector.,open,2024-12-05T19:24:02Z,API-/Usage-/Logic-Bug (High-Level) ,High-Level-API / Framework-Logik ,A,,,,,,
NVIDIA/cuda-quantum,2434,https://github.com/NVIDIA/cuda-quantum/issues/2434,cudaErrorIllegalAddress error when using exp_pauli(...) on multiple GPUs,open,2024-11-28T15:14:43Z,Performance-/Numerik-Bug,Backend-Library,C,,,,,,
NVIDIA/cuda-quantum,2425,https://github.com/NVIDIA/cuda-quantum/issues/2425,[braket] Reorder global register to be in original qubit allocation order,open,2024-11-27T01:25:48Z,Backend-/Framework-Integrations-Bug,Framework-Integration,C,,,,,,
NVIDIA/cuda-quantum,2415,https://github.com/NVIDIA/cuda-quantum/issues/2415,Failure when building `OptTransforms` library alone.,closed,2024-11-25T19:12:49Z,Build-/Install-/Packaging-Bug,Build/Deploy/Environment,B ,,,Teil-Build von OptTransforms erzeugt fehlende generierte Header nicht und schlägt beim Kompilieren fehl.,"Fehler tritt im CMake/Ninja-Buildprozess auf, bevor irgendetwas ausgeführt wird.","(potenziell compile-time vermeidbar, fortgeschrittene Analyse)"": Ein Build-System-Check könnte gezielt prüfen, ob alle generierten Includes korrekt als Abhängigkeiten angelegt sind.",
NVIDIA/cuda-quantum,2306,https://github.com/NVIDIA/cuda-quantum/issues/2306,Unified memory support on GH200 Grace Hopper,closed,2024-10-21T16:49:29Z,Performance-/Numerik-Bug ,Backend-Library,C,,,"Simulation scheitert mit ""requested size is too big"", obwohl Hardware mit Unified Memory eigentlich mehr Qubits erlauben sollte.","Limitierung entsteht durch cuQuantum-/Backend-Speicherallokation (z.B. cudaMalloc vs. cudaMallocManaged), nicht durch User-Code oder Build.","Nutzung von Unified Memory ist ein Implementierungs-/Architekturthema des Backends, das sich nicht durch User-seitige Compile-Time-Checks ""vermeiden"" lässt.",
NVIDIA/cuda-quantum,2279,https://github.com/NVIDIA/cuda-quantum/issues/2279,Inconsistent behavior with mid-circuit measurements while sampling if NO reset is performed after the measurement,open,2024-10-14T22:58:54Z,Performance-/Numerik-Bug,Backend-Library,C,,,"emantisch identische Kernels liefern unterschiedliche __global__-Verteilungen, weil Mid-Circuit-Meas den State nicht kollabiert.","Ursache liegt in der Implementierung der Simulatoren (bis auf stim), die Mid-Circuit-Meas falsch modellieren.",Das ist eine grundlegende Simulations-Semantikfrage und nur durch Änderung der Simulator-Implementierungen lösbar.,
NVIDIA/cuda-quantum,2274,https://github.com/NVIDIA/cuda-quantum/issues/2274,Erroneous mid-circuit measurements while sampling if a reset is performed after the measurement,closed,2024-10-14T15:30:10Z,Performance-/Numerik-Bug,Backend-Library,,,,,,,
NVIDIA/cuda-quantum,2271,https://github.com/NVIDIA/cuda-quantum/issues/2271,Mid-circuit measurements are not handled properly when using `__qpu__` attributes on C++ functions or lambdas,open,2024-10-14T00:40:22Z,Backend-/Framework-Integrations-Bug,Framework-Integration,C,,Könnte auch 1.4 - API-/Usage-/Logic-Bug (High-Level) sein. ,"Runtime kann Funktionsnamen von __qpu__-Kernels nicht auflösen, daher werden Mid-Circuit-Conditionals falsch behandelt","Problem sitzt im Zusammenspiel von Compiler-/QIR-Metadata und Runtime (kernelHasConditionalFeedback), nicht in User-API oder Backend-Kern.","Ob Kernel-Namen korrekt im Runtime-Metadaten-Map landen, ist eine interne Integrationsfrage und nicht durch statische Analyse des Usercodes vermeidbar.",
NVIDIA/cuda-quantum,2249,https://github.com/NVIDIA/cuda-quantum/issues/2249,anyon target is not stable in CI,closed,2024-10-03T20:05:12Z,Performance-/Numerik-Bug,Backend-Library,C,,"Finale Empfehlung: Ich würde 1.5/2.2/C nehmen  aber in deiner IRR-Diskussion dokumentieren, dass 1.3 auch vertretbar wäre, da die CI-Instabilität auch ein Integration-Problem sein könnte.","Mid-Circuit-Register bleibt immer 00000, weil Sampling-/Reset-Logik im Simulator nicht korrekt miteinander interagiert.","Bug liegt in den Simulator-Implementierungen (resetQubit / Sampling-Tasks), die alle Targets betreffen.",Korrekte Behandlung von Reset + Sampling ist Teil der Simulator-Algorithmik und nicht durch zusätzliche User-seitige Compile-Time-Checks abfangbar.,
NVIDIA/cuda-quantum,2240,https://github.com/NVIDIA/cuda-quantum/issues/2240,List defined inside a kernel passed into subkernel throws an error,open,2024-10-01T12:25:32Z,API-/Usage-/Logic-Bug (High-Level),High-Level-API / Framework-Logik,C,,#1946            1.5 - Performance-/Numerik-Bug                  2.2 - Backend-Library          B,"Die Draw-Funktion interagiert mit dem custatevec-Pfad so, dass exp_pauli einen Initialisierungsfehler auslöst, obwohl sample funktioniert."," Problem im Zusammenspiel von High-Level-Kernel/Draw-API und Backend-/Library-Aufruf, nicht im User-Kernel selbst.",ehler liegt in der konkreten Implementierung des Draw-/Backend-Pfads und lässt sich nicht durch zusätzliche statische Checks am User-Code verhindern.,
NVIDIA/cuda-quantum,2196,https://github.com/NVIDIA/cuda-quantum/issues/2196,FuseWithConstantArray on ExtractValueOp always returns success(),closed,2024-09-06T16:20:11Z,API-/Usage-/Logic-Bug (High-Level/Compiler-IR),Backend-Library,B ,,Könnte auch C sein mit Begründung Das ist ein klarer Logikfehler in der Pass-Implementierung; compile-time Analysen des Usercodes würden daran nichts ändern.,"Der MLIR-Pass gibt ""success"" zurück, obwohl kein Pattern angewendet wurde, und blockiert damit weitere Canonicalization-Patterns.","Bug sitzt im Compiler-/Optimizer-Pass der Quake/CC-IR, nicht in User-API oder Umgebung.","Ein IR-/Pass-Validator könnte die Inkonsistenz ""Erfolg ohne Änderung"" statisch finden; das erfordert aber spezielle Compiler-Analysen, nicht nur einfache Typchecks.",
NVIDIA/cuda-quantum,2185,https://github.com/NVIDIA/cuda-quantum/issues/2185,`nvidia` target: simulation errors when setting `CUDAQ_MAX_CPU_MEMORY_GB` beyond system memory capacity,open,2024-09-02T04:18:07Z,Config-/Environment-Bug,Runtime-/Framework-Laufzeit,C,,Könnte auch 2.1 sein,"Dokumentierte Umgebungsvariable verhält sich für ""unlimited"" oder zu große Werte nicht robust und führt zu Laufzeitfehlern / falschen Resultaten.","Fehler liegt in der Laufzeitlogik, wie die Simulatoren Host-/GPU-Speichergrenzen interpretieren, nicht in Build oder User-API.",Die Relation zwischen physischem Speicher und Konfiguration der Runtime ist nicht über Analyse des Usercodes abfangbar; nötig ist robustere Runtime-Implementierung.,
NVIDIA/cuda-quantum,2157,https://github.com/NVIDIA/cuda-quantum/issues/2157,Drawing conditional measurement operations,open,2024-08-27T09:28:43Z,API-/Usage-/Logic-Bug (High-Level),High-Level-API / Framework-Logik,C,,,ie Zeichnen-Funktion ignoriert bedingte Gates basierend auf Messergebnissen und verletzt damit die erwartete Visualisierungs-Semantik.,"Fehler liegt in der High-Level-Darstellungs-/Visualisierungslogik, unabhängig von Backend und Numerik.","Das Problem ist fehlende Funktionalität der Draw-API; Compile-Time-Checks am Kernel-Code können das nicht ""verhindern"", nur die Implementierung selbst kann es beheben.",
NVIDIA/cuda-quantum,2110,https://github.com/NVIDIA/cuda-quantum/issues/2110,C++ segfault when passing callable kernel to another kernel from library,open,2024-08-19T23:22:46Z,Backend-/Framework-Integrations-Bug,Framework-Integration,C,,Könnte auch API-/Usage-/Logic-Bug (High-Level) ,"Das Pattern ""Kernel in lib.cpp, Aufruf über std::function in user.cpp"" ist aus C++-Sicht legitim, führt aber in CUDA-Q zu einem Laufzeitcrash.","Problem sitzt in der Art, wie das Runtime-/Compiler-System Kernel-Symbole über Übersetzungseinheiten und Funktionsobjekte hinweg behandelt.",Hier fehlt Unterstützung in der Toolchain/Runtime; zusätzliche statische Checks am Usercode würden eher einschränken als sinnvoll vermeiden.,
NVIDIA/cuda-quantum,2092,https://github.com/NVIDIA/cuda-quantum/issues/2092,Incorrect spin op expression evaluation,closed,2024-08-14T20:18:13Z,Performance-/Numerik-Bug,Backend-Library,C,,,"Die generierte Matrix für die Operator-Kombination ist falsch, während die umgekehrte Reihenfolge korrekt ist.",Ursache ist ein Fehler in der Implementierung der Spin-Operator-Algebra / Matrixkonstruktion.,"Das ist ein reiner Algebra-/Implementierungsbug, der nicht durch statische Analyse des Usercodes verhindert werden kann.",
NVIDIA/cuda-quantum,2088,https://github.com/NVIDIA/cuda-quantum/issues/2088,Target tests appear to sometimes use files from installation directory,closed,2024-08-13T17:04:14Z,Build-/Install-/Packaging-Bug,Build/Deploy/Environment,B ,,Könnte auch C sein,Targettests hängen implizit von einem vorherigen make install ab und testen damit nicht konsistent den aktuellen Build.," Problem liegt in CMake/Test-Konfiguration (Pfad-/RPATH-/Suchreihenfolge), nicht in Laufzeit oder Kerneln.","Eine strengere Build-/Test-Validierung könnte prüfen, ob Tests wirklich die im Build-Verzeichnis erzeugten Artefakte verwenden.",
NVIDIA/cuda-quantum,2076,https://github.com/NVIDIA/cuda-quantum/issues/2076,`qvector` initialization from state does not work unless no other qubits have been allocated yet,closed,2024-08-12T13:13:51Z,Performance-/Numerik-Bug,Backend-Library,C,,könnte auch B sein ,"Initialisierung von q = cudaq.qvector(vec) beeinflusst unerwartet das vorgelagerte Qubit p, sodass die Messverteilung falsch ist.","Fehler in der Implementierung der State-Init-Routinen der nvidia-*-Backends, nicht in API-Usage oder Build.",Korrektheit der Statepräparation ist reine Backend-Algorithmik und lässt sich praktisch nicht durch Typ-/Contract-Checks am User-Kernel absichern.,
NVIDIA/cuda-quantum,1975,https://github.com/NVIDIA/cuda-quantum/issues/1975,Synthesis fails for some kernels that use `cudaq::slice_vector`,closed,2024-07-19T20:59:04Z,Backend-/Framework-Integrations-Bug,Framework-Integration,C,,,"Nutzung von slice_vector/observe erzeugt IR, die der Synthesizer/NVQC-Pfad nicht unterstützt.",Bug im Zusammenspiel zwischen CUDA-Q-Frontend (Pointer-/Slice-API) und der nachgelagerten Synthese-/NVQC-Infrastruktur.,"Das ist ein Lücken-/Kompatibilitätsproblem im Synthesizer; zusätzliche Analysen des Usercodes würden es nicht vermeiden, sondern nur frühere Fehlermeldungen erzeugen.",
NVIDIA/cuda-quantum,1957,https://github.com/NVIDIA/cuda-quantum/issues/1957,[MLIR mode] Compile error for `pauli_word` argument,closed,2024-07-18T05:53:38Z,API-/Usage-/Logic-Bug (High-Level),Backend-Library,C,,,,,,
NVIDIA/cuda-quantum,1946,https://github.com/NVIDIA/cuda-quantum/issues/1946,current version of cudaq.draw throws error if kernel uses exp_pauli,closed,2024-07-17T16:47:33Z,Backend-/Framework-Integrations-Bug,"Framework-Integration""",C,,,"Semantisch korrekter Aufruf mit cudaq::pauli_word wird vom Compiler als ""could not determine string argument"" abgewiesen.","Ursache ist ein Fehler im MLIR-/Codegen-Pfad für exp_pauli mit pauli_word, nicht in der API-Nutzung oder Umgebung.","Es fehlt eine Implementierung/Überladung im Compiler; das ist keine Situation, die man mit stärkeren Typ-/Contract-Checks am User-Code sinnvoll ""vermeiden"" könnte.",
NVIDIA/cuda-quantum,1925,https://github.com/NVIDIA/cuda-quantum/issues/1925,[CI] [tensornet] Attempt to set target causes fatal error in some OS environments,open,2024-07-12T23:03:00Z,Backend-/Framework-Integrations-Bug,Framework-Integration,C,,,"Test, der alle Targets parametrisiert durchläuft, bringt CI-Läufe zum Crash, wenn optionale Simulatoren nicht korrekt verfügbar/integrated sind.","Problem liegt im Zusammenspiel von Test-Infrastruktur, set_target und optionalen Backends in unterschiedlichen OS-/CI-Umgebungen.",Hier geht es um robuste Implementierung von Target-Erkennung/-Fehlerbehandlung in Code und CI; das lässt sich nicht sinnvoll durch zusätzliche Compile-Time-Analysen der User-Kernels verhindern.,
NVIDIA/cuda-quantum,1924,https://github.com/NVIDIA/cuda-quantum/issues/1924,[Python] Remote execution speed up doesn't support custom operations,open,2024-07-12T21:51:44Z,Backend-/Framework-Integrations-Bug,Framework-Integration,C,,könnte auch B sein ,"Lokale Registrierung von custom_h funktioniert, aber Remote-Server meldet ""known kernels are []"" und kann den Kernel nicht ausführen.",Fehler sitzt in der Integration zwischen Python-Frontend/Custom-Op-Registry und Remote-Execution-Service.,"Ob Custom-Operationen korrekt zum Remote-Backend transportiert/registriert werden, ist eine Integrationsfrage und nicht durch statische Analyse des User-Codes abfangbar.",
NVIDIA/cuda-quantum,1909,https://github.com/NVIDIA/cuda-quantum/issues/1909,cudaq.observe causes a memory leak,closed,2024-07-10T05:34:33Z,Performance-/Numerik-Bug,Runtime-/Framework-Laufzeit,C,,,peichernutzung wächst bei vielen observe-Aufrufen kontinuierlich und wird nicht freigegeben.,"Problem liegt im Ressourcen-/Speichermanagement der Runtime/Execution-Engine, nicht im Compiler oder in der API-Semantik.",Speicherlecks dieser Art sind klassische Runtime-Implementierungsbugs und nicht durch Compile-Time-Analysen des User-Programms zu verhindern.,
NVIDIA/cuda-quantum,1895,https://github.com/NVIDIA/cuda-quantum/issues/1895,Endian is inconsistent between State and SpinOperator.to_matrix,closed,2024-07-08T07:26:25Z,Performance-/Numerik-Bug,Backend-Library ,C,,könnte auch B sein ,Erwartungswert aus observe und direkte Berechnung state @ to_matrix() @ state liefern unterschiedliche Ergebnisse wegen unterschiedlicher Endianness-Konvention.,Fehler liegt in der Implementierung von SpinOperator.to_matrix bzw. der Zuordnung von Operator zu Zustandsbasis.,Inkonsequente Endianness ist ein Design-/Implementierungsfehler in der Library und lässt sich nicht durch statische Analyse von User-Kernels vermeiden.,
NVIDIA/cuda-quantum,1894,https://github.com/NVIDIA/cuda-quantum/issues/1894,Controlled exp_pauli is not correct,closed,2024-07-08T07:08:46Z,Performance-/Numerik-Bug ,Backend-Library ,C,2525,,,,,
NVIDIA/cuda-quantum,1875,https://github.com/NVIDIA/cuda-quantum/issues/1875,issue with if condition after mid circuit measurement,closed,2024-07-01T15:17:07Z,API-/Usage-/Logic-Bug (High-Level),Backend-Library,C,,"Könnte auch 2.4 high level api Begründung: Python AST-Bridge übersetzt compound boolean expressions (and) im Measurement-Kontext falsch. Frontend-Bug (2.4), nicht Backend-Library (2.2).","Semantisch äquivalente Kontrolllogik mit and und verschachtelten if-Statements führt zu unterschiedlichem Verhalten, a wird im zweiten Fall nicht gesetzt.","Ursache ist die Codegen-/Lowering-Logik für boolesche Ausdrücke und Mess-Ergebnisse, nicht Environment oder Backend-Selection."," Das ist ein Compiler-/IR-Lowering-Bug; zusätzliche statische Checks am User-Kernel würden ihn nicht verhindern, nur Implementierungsfixes im Codegen.",
NVIDIA/cuda-quantum,1874,https://github.com/NVIDIA/cuda-quantum/issues/1874,Execution hangs on OpenSUSE when installed via installer,closed,2024-07-01T13:16:37Z,Performance-/Numerik-Bug,Runtime-/Framework-Laufzeit,C,,,Ausführung auf GPU-Backends unter OpenSUSE blockiert bzw. läuft nur nach Timeout weiter.,Problem liegt in der Interaktion von CUDA-Q-Runtime mit libc++/OS-spezifischer Umgebung beim Starten/Ausführen der GPU-Backends.,OS-/Runtime-spezifische Hänger dieser Art sind Implementierungs-/Konfigurationsdetails der Runtime und nicht durch zusätzliche Compile-Time-Analysen am User-Code vermeidbar.,
NVIDIA/cuda-quantum,1871,https://github.com/NVIDIA/cuda-quantum/issues/1871,Calling the same quantum kernel in cudaq.control and cudaq.adjoint in the main kernel give error.,closed,2024-06-30T13:35:07Z,API-/Usage-/Logic-Bug (High-Level),,C,,,"
BugType - 1.4 ""API-/Usage-/Logic-Bug (High-Level)"": Aus User-Sicht legitime Kombination von kontrolliertem und adjungiertem Kernel führt zu ""does not reference a valid function"".",,"Ursache ist die MLIR/Codegen-Behandlung von adjungierten/kontrollierten Funktionssymbolen, nicht Python-Usage oder Environment.","Es fehlt Unterstützung in den Transformations-/Codegen-Pässen; das ist nur durch Implementierungsänderungen zu beheben, nicht durch statische Analyse des User-Kernels."
NVIDIA/cuda-quantum,1860,https://github.com/NVIDIA/cuda-quantum/issues/1860,Build dependency missing for python?,closed,2024-06-27T20:45:25Z,Build-/Install-/Packaging-Bug ,Build/Deploy/Environment ,B ,,,,,,
NVIDIA/cuda-quantum,1813,https://github.com/NVIDIA/cuda-quantum/issues/1813,DepolarizationChannel not completely depolarizing,closed,2024-06-13T16:47:35Z,Performance-/Numerik-Bug,Backend-Library,C,,,"Depolarisierender Kanal mit Fehlerwahrscheinlichkeit 1 erzeugt <Z>-Erwartungswerte, die vom Rotationswinkel abhängen statt 0 zu sein.","Fehler liegt in der Implementierung von DepolarizationChannel bzw. density-matrix-cpu, nicht in der High-Level-API.",Falsche Kanal-Semantik ist ein reiner Implementierungs-/Numerik-Bug im Simulator und lässt sich nicht durch Typ-/Contract-Checks am User-Code verhindern.,
NVIDIA/cuda-quantum,1809,https://github.com/NVIDIA/cuda-quantum/issues/1809,Kernels do not take as input a list[list[int]] type object,open,2024-06-13T15:57:42Z,API-/Usage-/Logic-Bug (High-Level) ,High-Level-API ,A,2627,,,,,
NVIDIA/cuda-quantum,1804,https://github.com/NVIDIA/cuda-quantum/issues/1804,[python] Combining `cudaq` module with `multiprocesssing` module can result in deadlock,closed,2024-06-12T14:30:28Z,Config-/Environment-Bug,Runtime-/Framework-Laufzeit,C,,,Verwendung des default-Startverfahrens fork mit einem multithreaded CUDA-Q-Prozess führt zu Deadlock.,"Problem entsteht in der Laufzeitinteraktion von Python-Process-Startmethode und CUDA-Q-Runtime, nicht im Build oder Kernel-Code.","Fork-vs-Spawn-Probleme bei Multithreading sind typische Runtime-/Systemeffekte, die nicht sinnvoll durch statische Analyse des User-Programms verhindert werden können.",
NVIDIA/cuda-quantum,1799,https://github.com/NVIDIA/cuda-quantum/issues/1799,Incorrect circuit compilation when using some nested loops,closed,2024-06-11T11:24:06Z,API-/Usage-/Logic-Bug (High-Level),Backend-Library,C,,"2.3 Grenzfall Ich bleibe bei 2.3 statt 2.2, aber ich bin weniger sicher als bei anderen Issues. Das ist ein Grenzfall zwischen ""Compiler-Infrastructure (2.3)"" und ""Backend-Library (2.2)"".

Für dein Paper: Dokumentiere auch diese Grenzfall-Unsicherheiten","Decorator-Pfad kompiliert verschachtelte Schleifen mit for k in range(j+1, N) zu einem logisch falschen Circuit.","Ursache ist ein LLVM/MLIR-Codegen-/Loop-Normalization-Bug im Compiler-Pipeline, nicht im Python-Frontend oder in der Umgebung.","(nicht sinnvoll compile-time vermeidbar)"": Miscompilation durch Upstream-Loop-Pässe lässt sich praktisch nur durch Fixes/Mitigations im Compiler beheben, nicht durch zusätzliche Typ-/Contract-Checks am User-Code.",
NVIDIA/cuda-quantum,1784,https://github.com/NVIDIA/cuda-quantum/issues/1784,Quake.ExpPauliOp is incomplete,open,2024-06-10T15:34:46Z,,,,,,,,,
NVIDIA/cuda-quantum,1749,https://github.com/NVIDIA/cuda-quantum/issues/1749,`do { ... } while (false)` causes infinite loop when `--enable-mlir` is set,closed,2024-06-03T16:04:49Z,API-/Usage-/Logic-Bug (High-Level) ,Backend-Library ,C ,,,,,,
NVIDIA/cuda-quantum,1726,https://github.com/NVIDIA/cuda-quantum/issues/1726,Cannot call C++ __qpu__ function from within another kernel if parameters contain vector of cudaq::measure_results,closed,2024-05-29T16:53:45Z,"API-/Usage-/Logic-Bug (High-Level)""",Framework-Integration,B ,,Könnte auch C ,"Gültiger C++ Code (xor_result mit measure_result-Vektor), aber MLIR-Inlining-Pass sagt fälschlicherweise ""Rekursion"" vor.",Problem liegt im aggressive-early-inlining-Pass + Typ-IR-Mapping zwischen C++ und MLIR.,Ein Call-Graph-Analyzer könnte echte vs. falsch erkannte Rekursion unterscheiden; aber benötigt fortgeschrittene Datenfluss-Analyse.,
NVIDIA/cuda-quantum,1703,https://github.com/NVIDIA/cuda-quantum/issues/1703,Segfault during circuit simulation with 2^19 controlled rotation gates,closed,2024-05-22T16:18:59Z,Performance-/Numerik-Bug,Runtime-/Framework-Laufzeit,C,,," Das Problem tritt erst bei sehr vielen cr1/crx-Gates (Schleife mit 2**19 Iterationen) auf und äußert sich als Segfault über mehrere Targets hinweg - typisch für einen Ressourcen-/Performance-Bug (z.B. Stack-/Heap-Exhaustion, zu große IR, o.Ä.), nicht für reine API- oder Config-Themen.","Da das Verhalten targetübergreifend und an MLIR-Enablement gebunden ist, deutet es auf einen Fehler im generischen Runtime-/JIT-/IR-Handling hin (z.B. Scheduling, Speicherverwaltung), nicht in einer speziellen Backend-Library.","Ob eine bestimmte Circuit-Größe zum Segfault führt, hängt von internen Datenstrukturen, JIT-Strategien und Ressourcenlimits ab; das ist praktisch nicht rein statisch absicherbar, sondern eine Implementierungs-/Runtimefrage.",
NVIDIA/cuda-quantum,1682,https://github.com/NVIDIA/cuda-quantum/issues/1682,break within two loops is not handled right.,closed,2024-05-15T12:45:44Z,API-/Usage-/Logic-Bug (High-Level),High-Level-API / Framework-Logik,C,,,"Der User verwendet gültige Sprachkonstrukte (while-Schleife, Messung, if res: break); der Compiler produziert aber eine fehlerhafte IR (Arity-Mismatch von cc.unwind_break) - das ist ein Frontend-/Controlflow-Lowering-Bug.","betroffen ist die Logik, die Python-Kernel mit klassischer Kontrolle und Quantum-Messung in eine konsistente IR übersetzt; Backend und Env sind sekundär.","Hier ist die Implementierung des Control-Flow-Lowerings kaputt; zusätzliche statische Checks am Usercode würden den Bug nicht vermeiden (der Compiler sollte diesen Pattern gerade unterstützen), es braucht robustere Pass-Implementierung/Verification.",
NVIDIA/cuda-quantum,1670,https://github.com/NVIDIA/cuda-quantum/issues/1670,[c++] qvector initialization from vector of doubles fails for f32 simulator,closed,2024-05-13T20:07:46Z,API-/Usage-/Logic-Bug (High-Level),High-Level-API / Framework-Logik,A,,,"Semantisch korrekter User-Code (double-Vektor als init state), aber die API/Kernel-Logik akzeptiert keine Typkonvertierung (FP64?FP32) automatisch, obwohl das Codebook vorsieht.","Problem liegt in der Qvector-Constructor-Semantik und deren Fehlerbehandlung, nicht in Backend-Library oder Umgebung.",Statische Typprüfung könnte Precision-Mismatch direkt beim Constructor-Aufruf erkennen; bessere Overloads oder Typconstraints würden den Fehler zur Compile-Time abfangen.,
NVIDIA/cuda-quantum,1663,https://github.com/NVIDIA/cuda-quantum/issues/1663,Python version on Quantum Cloud does not allow exponentiation operator,closed,2024-05-11T03:30:04Z,Backend-/Framework-Integrations-Bug,"Framework-Integration""",B ,,,"Der Code läuft lokal, aber auf dem Remote-Target scheitert das Legalizing von math.ipowi; das ist ein Problem in der Integration von Python/IR-Lowering mit den Passes/Constraints des Cloud-Backends.","Betroffen ist die Schicht, die Python-Kernel + IR-Pass-Pipeline mit dem Remote-Backend (nvqc) verbindet; mehrere Targets teilen sich dieselbe Frontend-/Pass-Logik."," Man könnte sich eine (domänenspezifische) statische Kompatibilitätsanalyse vorstellen, die vorab prüft, ob alle verwendeten Ops (** ? ipowi) für einen gegebenen Target-/Pass-Pipeline-Satz legalisierbar sind, und andernfalls frühzeitig eine klare Compile-Time-Fehlermeldung liefert; das ist fortgeschritten, aber konzeptionell möglich.",
NVIDIA/cuda-quantum,1662,https://github.com/NVIDIA/cuda-quantum/issues/1662,Subtraction of variables gives unhandled BinOp.Sub error within a python kernel,closed,2024-05-10T21:46:43Z,API-/Usage-/Logic-Bug (High-Level),High-Level-API / Framework-Logik,C,,,"Ein syntaktisch völlig harmloser Ausdruck im Python-Kernel schlägt fehl, während eine äquivalente umgeschriebene Form funktioniert - das spricht für eine unvollständige/fehlerhafte High-Level-Lowering-/AST-Bridging-Logik."," Der Fehler entsteht beim Übersetzen des Python-AST in die interne IR (Kernel-Front-End), nicht im Backend oder in der Umgebung."," Ob ein bestimmtes AST-Muster im Compiler unterstützt wird, ist eine Implementierungsfrage; das lässt sich nicht durch zusätzliche Analyse des Usercodes verhindern, sondern nur durch robustere Implementierung/Tests des Frontends.",
NVIDIA/cuda-quantum,1620,https://github.com/NVIDIA/cuda-quantum/issues/1620,[Python Kernel] `bool` to `int` type casting issue,closed,2024-05-07T03:41:09Z,API-/Usage-/Logic-Bug (High-Level) ,Backend-Library ,B ,,"In Prinzip kÃ¶nnte eine formale/verifizierende Analyse der Codegen-/IR-Transformationen solche falschen Casts erkennen, wÃ¤re aber deutlich aufwendiger als einfache lokale Typ-/Contract-Checks (daher B, nicht A/C). ",,,,
NVIDIA/cuda-quantum,1618,https://github.com/NVIDIA/cuda-quantum/issues/1618,`MidCircuitMeasurementAnalyzer` doesn't handle all cases of measurement assigned variables ,closed,2024-05-07T01:02:31Z,API-/Usage-/Logic-Bug (High-Level),High-Level-API / Framework-Logik,C,,,Bestimmte Formen von Bedingungen werden im Analyse-Helper nicht korrekt behandelt - ein Logik-/Oversight-Bug im High-Level-Analysetool.,"Es betrifft die interne Analyse-/Frontend-Logik (AST/IR-Bridging), nicht Build, Backend oder Runtime.","Die Lücke steckt in der Hilfsfunktion selbst; Usercode-Analyse kann das nicht verhindern, solange der Helper unvollständig implementiert ist.",
NVIDIA/cuda-quantum,1571,https://github.com/NVIDIA/cuda-quantum/issues/1571,make check-targets doesn't have all dependencies in the CMakeLists.txt files,open,2024-04-25T23:00:55Z,Build-/Install-/Packaging-Bug,Build/Deploy/Environment,B ,,,"Die Build-/Install-Logik aktualisiert Runtime-Libraries beim Branch-Wechsel nicht korrekt, was zu Link-/Laufzeitfehlern führt.","Das Problem tritt in der Build-/CI-/Installumgebung auf, bevor irgendetwas simuliert oder kompiliert wird.","Ein präziser modellierter Build-Graph bzw. Tooling, das abhängige Targets bei Branch-Wechsel erzwingt neu baut, könnte solche Fehler erkennen - das ist aber eine komplexere Build-/Analyseaufgabe.",
NVIDIA/cuda-quantum,1566,https://github.com/NVIDIA/cuda-quantum/issues/1566,Cannot pass a list of Pauli words to `observe_async`,closed,2024-04-25T14:24:56Z,API-/Usage-/Logic-Bug (High-Level),High-Level-API / Framework-Logik,C,,,"Synchrones observe akzeptiert eine Liste von Pauli-Strings, observe_async dagegen nicht - das ist eine inkonsistente API-/Contract-Logik.","Der Fehler liegt in den Python-Bindings bzw. der High-Level-API (Overloads/Conversions), nicht in Simulation, Build oder Umgebung.","Das ist eine Lücke in der Implementierung des Async-Overloads; zusätzliche Analyse des Usercodes verhindert das nicht, es braucht einen Bibliotheksfix.",
NVIDIA/cuda-quantum,1539,https://github.com/NVIDIA/cuda-quantum/issues/1539,ChemistryTester bug when nvidia target is available,closed,2024-04-18T12:37:56Z,Backend-/Framework-Integrations-Bug,Framework-Integration,C,,,"Die Python/PySCF-Bindings initialisieren CUDA-Q und setzen den Default-Target auf nvidia, während der Tester auf QPP FP64 verlinkt ist - Integrations-/Target-Auswahlkonflikt.","Das Problem liegt in der Interaktion zwischen Python-Hilfsbibliothek, Target-Management und C++-Tester (Mischung verschiedener Backends in einer Pipeline).","Globale Target-Umschaltungen und Präzisions-Mismatches durch solche Integrationspfade sind Laufzeit-/Konfigurationsdetails, die man nicht realistisch durch statische Analyse des Quantum-Usercodes absichern kann.",
NVIDIA/cuda-quantum,1529,https://github.com/NVIDIA/cuda-quantum/issues/1529,Calling kernel functions with list parameters gives incorrect results,closed,2024-04-17T17:05:02Z,API-/Usage-/Logic-Bug (High-Level),High-Level-API / Framework-Logik,C,,,"Der Kernel test_param(i: int, v1: list[int]) -> int sollte jeweils i zurückgeben, gibt aber viermal 42 - das ist ein Logik-/Binding-Bug in der Python-Kernel-Call-Implementierung.","Der Fehler steckt in der Art, wie Python-Call-Sites/Argumente in IR/Runtime abgebildet werden, also in der High-Level-Sprach-/Framework-Schicht.","Falsches Capturing/Zuweisen von Argumenten ist ein internes Binding-/Runtime-Problem, das nicht durch zusätzliche Typ- oder CT-Analysen des Usercodes verhindert werden kann.",
NVIDIA/cuda-quantum,1498,https://github.com/NVIDIA/cuda-quantum/issues/1498,Output discrepancy when args of mz are in a list vs when comma separated ,closed,2024-04-11T06:39:51Z,API-/Usage-/Logic-Bug (High-Level),High-Level-API / Framework-Logik,C,,,"Die Mess-API verhält sich inkonsistent: als Liste übergebene Qubits liefern korrekte Bitlänge, kommagetrennte Argumente nicht - das ist ein klarer API-/Semantik-Bug.","Es geht um die Python-Frontend-/Measurement-API und deren Ergebnisformat, nicht um das Backend.",Die fehlerhafte Argumentbehandlung ist ein Library-Implementierungsproblem; CT-Analysen des Usercodes würden daran nichts ändern.,
NVIDIA/cuda-quantum,1469,https://github.com/NVIDIA/cuda-quantum/issues/1469,Cannot run Python range-based for loops through the synthesizer (affects NVQC),closed,2024-04-02T23:58:05Z,API-/Usage-/Logic-Bug (High-Level),High-Level-API / Framework-Logik,C,,,"Standard-Python-Pattern (for i in range(len(parms)): parms[i]) führt zu einem internen IR-/Passfehler, während die Variante for i in parms funktioniert - das ist ein Frontend-/IR-Generierungsbug.","Das Problem entsteht in der Python-Kernel-MLIR-Erzeugung und dem anschließenden Lowering, nicht im Simulator oder Build.","Die fehlerhafte Behandlung von Constant-Arrays und cc.get_const_element in LowerToQIR ist eine interne Pass-Schwäche, die man nicht durch Analyse des Usercodes kompensieren kann.",
NVIDIA/cuda-quantum,1464,https://github.com/NVIDIA/cuda-quantum/issues/1464,`cnot` operation is not compiled properly in MLIR mode,closed,2024-04-02T02:46:37Z,API-/Usage-/Logic-Bug (High-Level),High-Level-API / Framework-Logik,C,,,"Der Shorthand cnot verletzt seine Semantik, wenn MLIR aktiviert ist, weil er in zwei Einzel-X-Gates statt eine kontrollierte Operation übersetzt wird - klarer Semantik-/Compiler-Logik-Bug.","Die falsche Übersetzung passiert im Frontend-/MLIR-Lowering des Kernelcodes, bevor ein konkretes Backend ins Spiel kommt.","Ein falsch implementiertes Lowering des Operators ist nur durch Fix/Verification des Compilers behebbar, nicht durch zusätzliche Checks am Userkernel.",
NVIDIA/cuda-quantum,1432,https://github.com/NVIDIA/cuda-quantum/issues/1432,Handle references to constant data in `GenerateDeviceCodeLoader`,closed,2024-03-22T02:29:15Z,API-/Usage-/Logic-Bug (High-Level),Framework-Integration,C,,,Die Design-/Implementierungslogik der Modul-Exzision verlässt sich nur auf den Callgraph und übersieht konstant referenzierte Daten - das ist ein konzeptioneller Logikfehler in der Compiler-Pipeline.,"Betroffen ist das Zusammenspiel von Kernel-Modul, Host-Code und Compiler-IR beim Heraustrennen des Kernel-Moduls, also die Integrations-/Compiler-Schicht.","Hier ist die Analyse selbst (Callgraph-Only) unzureichend; zusätzliche CT-Checks am Usercode ändern nichts, solange der Exzisions-Algorithmus konstante Daten grundsätzlich nicht einbezieht.",
NVIDIA/cuda-quantum,1431,https://github.com/NVIDIA/cuda-quantum/issues/1431,Endian representation bug in `QppCircuitSimulator::observe`,open,2024-03-22T02:25:40Z,Backend-/Framework-Integrations-Bug,Backend-Library,C,,,Die Umstellung der qpp-Statevector-Endianness wurde in QppCircuitSimulator::observe nicht konsistent mit der Hamiltonian-Matrix-Erzeugung (spin_op::to_matrix) mitgezogen - Integrationsfehler zwischen zwei Backend-Komponenten.,"Der Bug sitzt vollständig in der qpp-Backend-Implementierung (Statevector-Layout vs. Hamiltonian-Matrix), nicht im High-Level-Framework.","Ob Matrix und Statevector dieselbe Endianness verwenden, ist ein internes Backend-Detail, das nicht durch Analyse des Usercodes abgesichert werden kann.",
NVIDIA/cuda-quantum,1421,https://github.com/NVIDIA/cuda-quantum/issues/1421,LLVM aarch64 relocation overflow,closed,2024-03-20T03:55:38Z,Performance-/Numerik-Bug,Runtime-/Framework-Laufzeit,C,,,"Bei speicherintensiven VQEs schlägt tief im LLVM-JIT eine Relocation-Assertion fehl - typischer Ressourcen-/Numerik-/JIT-Bug, kein simpler API-Fehler.","Der Crash entsteht in der Ausführungs-/JIT-Runtime (RuntimeDyldELF), also in der Laufzeit-Schicht über dem Backend.","Solche Größen-/Overflow-Probleme in JIT/Relocations sind praktisch nicht durch Typ- oder CT-Analysen des Usercodes vermeidbar, sondern erfordern robustere Runtime-Implementierung.",
NVIDIA/cuda-quantum,1400,https://github.com/NVIDIA/cuda-quantum/issues/1400,Circuit drawer retains qubits from previously printed kernel(s),closed,2024-03-14T17:22:45Z,API-/Usage-/Logic-Bug (High-Level),High-Level-API / Framework-Logik,C,,,Das Zeichnen desselben Kernels führt durch stale Global-State zu immer längeren Schaltbildern - klarer Logic-/State-Bug in der Draw-API.,"Betrifft die Visualisierungs-/Frontend-Schicht (cudaq.draw), ohne Beteiligung von Simulator oder Environment.","Ein falsch verwalteter globaler Zustand im Draw-Code ist nur durch Korrektur der Implementierung behebbar, nicht durch Analyse des Userkernels.",
NVIDIA/cuda-quantum,1396,https://github.com/NVIDIA/cuda-quantum/issues/1396,Batched measurement outputs dont allign to expected results ,closed,2024-03-14T14:50:03Z,API-/Usage-/Logic-Bug (High-Level),High-Level-API / Framework-Logik,C,,,Das Verhalten von cudaq.observe mit mehreren Hamiltonian-Terms ist inkonsistent zu der physikalisch erwarteten Semantik für unabhängige Qubits - Logik-/Semantik-Bug in der Observe-API.,"Das Problem steckt in der Art, wie die High-Level-Observe-Routine Ergebnisse für Listen von Termen aggregiert, nicht im Backend oder Build.","Der Fehler liegt in der internen Implementierung der Observe-Logik; zusätzliche Compile-Time-Checks am Usercode könnten das nicht verhindern, es braucht einen Library-Fix.",
NVIDIA/cuda-quantum,1374,https://github.com/NVIDIA/cuda-quantum/issues/1374,nvqpp_SampleAsync fails on machines with multiple GPUs,closed,2024-03-12T16:04:15Z,,,,,,,,,
NVIDIA/cuda-quantum,1367,https://github.com/NVIDIA/cuda-quantum/issues/1367,Synthesizer produces error when mixing certain argument types,closed,2024-03-11T15:54:51Z,,,,,,,,,
NVIDIA/cuda-quantum,1257,https://github.com/NVIDIA/cuda-quantum/issues/1257,Duplicate quake code in `cudaq::get_quake_by_name` if inlining is disabled,closed,2024-02-20T01:48:47Z,,,,,,,,,
NVIDIA/cuda-quantum,1218,https://github.com/NVIDIA/cuda-quantum/issues/1218,Out of scope kernel ,closed,2024-02-13T09:40:16Z,,,,,,,,,
NVIDIA/cuda-quantum,1215,https://github.com/NVIDIA/cuda-quantum/issues/1215,`cudaq::adjoint` not handling double adjoint.,closed,2024-02-12T22:28:33Z,,,,,,,,,
NVIDIA/cuda-quantum,1175,https://github.com/NVIDIA/cuda-quantum/issues/1175,Tensornet target in Python not registered for async functions ,closed,2024-02-06T15:49:53Z,Backend-/Framework-Integrations-Bug ,Framework-Integration ,C,,,,,,
NVIDIA/cuda-quantum,1168,https://github.com/NVIDIA/cuda-quantum/issues/1168,JIT compilation fails when inlining is disabled,closed,2024-02-04T12:30:01Z,,,,,,,,,
NVIDIA/cuda-quantum,1159,https://github.com/NVIDIA/cuda-quantum/issues/1159,cmake dependences aren't quite right,open,2024-02-02T00:08:58Z,,,,,,,,,
NVIDIA/cuda-quantum,1136,https://github.com/NVIDIA/cuda-quantum/issues/1136,Tensornet backend scratch space allocator is prone to race condition,open,2024-01-25T01:56:05Z,,,,,,,,,
NVIDIA/cuda-quantum,1117,https://github.com/NVIDIA/cuda-quantum/issues/1117,Intermittent CI llvm-lit test failures for `remote-mqpu` ,closed,2024-01-22T09:41:08Z,,,,,,,,,
NVIDIA/cuda-quantum,1108,https://github.com/NVIDIA/cuda-quantum/issues/1108,sample_async race condition,closed,2024-01-18T17:35:49Z,,,,,,,,,
NVIDIA/cuda-quantum,1087,https://github.com/NVIDIA/cuda-quantum/issues/1087,Sporadic test failure in REST platform `get_state_async` test,open,2024-01-12T04:08:39Z,,,,,,,,,
NVIDIA/cuda-quantum,1046,https://github.com/NVIDIA/cuda-quantum/issues/1046,Upgrade pybind11 to the latest version,closed,2023-12-19T17:13:40Z,,,,,,,,,
NVIDIA/cuda-quantum,1030,https://github.com/NVIDIA/cuda-quantum/issues/1030,Incorrect QIR generated for some conditional measurements (qir_cond_for_loop-6.cpp),closed,2023-12-12T16:47:28Z,,,,,,,,,
NVIDIA/cuda-quantum,1022,https://github.com/NVIDIA/cuda-quantum/issues/1022,`from_state` error with `kernel.qalloc()`,closed,2023-12-11T21:15:47Z,,,,,,,,,
NVIDIA/cuda-quantum,928,https://github.com/NVIDIA/cuda-quantum/issues/928,qubit-mapping has bug threading wire values,closed,2023-11-14T23:50:07Z,,,,,,,,,
NVIDIA/cuda-quantum,920,https://github.com/NVIDIA/cuda-quantum/issues/920,MPI is not enabled in `cudaq` Python wheels,closed,2023-11-14T02:02:49Z,,,,,,,,,
NVIDIA/cuda-quantum,906,https://github.com/NVIDIA/cuda-quantum/issues/906,cudaq.from_state() dosn't work correctly,closed,2023-11-10T22:07:48Z,,,,,,,,,
NVIDIA/cuda-quantum,875,https://github.com/NVIDIA/cuda-quantum/issues/875,ConvertExpr buildOp currently not specification adherent. ,closed,2023-11-07T18:49:35Z,,,,,,,,,
NVIDIA/cuda-quantum,873,https://github.com/NVIDIA/cuda-quantum/issues/873,Free function kernels won't work on macOS,open,2023-11-07T11:01:34Z,,,,,,,,,
NVIDIA/cuda-quantum,867,https://github.com/NVIDIA/cuda-quantum/issues/867,Allow for more complex builder gate signatures in library mode,closed,2023-11-06T21:16:18Z,,,,,,,,,
NVIDIA/cuda-quantum,866,https://github.com/NVIDIA/cuda-quantum/issues/866,Unable to use IQM QPU machine name with spaces,closed,2023-11-06T12:38:06Z,,,,,,,,,
NVIDIA/cuda-quantum,819,https://github.com/NVIDIA/cuda-quantum/issues/819,from_state prepares incorrect state,closed,2023-10-24T03:55:43Z,,,,,,,,,
NVIDIA/cuda-quantum,814,https://github.com/NVIDIA/cuda-quantum/issues/814,Ternary operator not working in `__qpu__` kernels,closed,2023-10-23T20:08:17Z,API-/Usage-/Logic-Bug (High-Level) ,Backend-Library ,B ,"Einfache Typ-/Contract-Checks sehen hier keinen Fehler, aber spezialisierte IR-Verification oder Compiler-Testgen kÃ¶nnten die fehlerhafte TernÃ¤r-Ãœbersetzung bereits zur Compile-Zeit entdecken.",,,,,
NVIDIA/cuda-quantum,810,https://github.com/NVIDIA/cuda-quantum/issues/810,Logical `&&` operator not working in `__qpu__` kernels,closed,2023-10-23T12:35:57Z,,,,,,,,,
NVIDIA/cuda-quantum,806,https://github.com/NVIDIA/cuda-quantum/issues/806,[QIR] Lowering ctrl-swap not implemented,closed,2023-10-20T19:29:49Z,,,,,,,,,
NVIDIA/cuda-quantum,805,https://github.com/NVIDIA/cuda-quantum/issues/805,[QIR] Bug in lowering multi-ctrl to LLVM,closed,2023-10-20T18:58:06Z,,,,,,,,,
NVIDIA/cuda-quantum,799,https://github.com/NVIDIA/cuda-quantum/issues/799,Issue with generated thunk for kernel with cc.callable argument,open,2023-10-19T20:17:13Z,,,,,,,,,
NVIDIA/cuda-quantum,776,https://github.com/NVIDIA/cuda-quantum/issues/776,Broadcasting on observe yields incorrect results ,closed,2023-10-16T12:35:16Z,,,,,,,,,
NVIDIA/cuda-quantum,759,https://github.com/NVIDIA/cuda-quantum/issues/759,Hamiltonian list does not work with observe_async,open,2023-10-11T15:44:08Z,,,,,,,,,
NVIDIA/cuda-quantum,677,https://github.com/NVIDIA/cuda-quantum/issues/677,[Bug] Cross dependence between regression and unit tests,open,2023-09-20T21:04:00Z,,,,,,,,,
NVIDIA/cuda-quantum,640,https://github.com/NVIDIA/cuda-quantum/issues/640,Async execution in Python is broken,closed,2023-09-11T13:28:34Z,,,,,,,,,
NVIDIA/cuda-quantum,637,https://github.com/NVIDIA/cuda-quantum/issues/637,Nightly integration test failures for 4 IonQ tests (empty programs),closed,2023-09-10T20:41:53Z,,,,,,,,,
NVIDIA/cuda-quantum,630,https://github.com/NVIDIA/cuda-quantum/issues/630,Python formatting of tests not enforced in CI,closed,2023-09-08T19:38:11Z,,,,,,,,,
NVIDIA/cuda-quantum,609,https://github.com/NVIDIA/cuda-quantum/issues/609,crash in test_runtime_dm,closed,2023-09-06T16:09:04Z,,,,,,,,,
NVIDIA/cuda-quantum,603,https://github.com/NVIDIA/cuda-quantum/issues/603,Kernel is translated into an invalid QASM,closed,2023-09-05T18:17:38Z,,,,,,,,,
NVIDIA/cuda-quantum,583,https://github.com/NVIDIA/cuda-quantum/issues/583,cuda-quantum docker cpu have different result with gpu,closed,2023-08-29T06:19:25Z,,,,,,,,,
NVIDIA/cuda-quantum,579,https://github.com/NVIDIA/cuda-quantum/issues/579,Segmentation fault with --emulate option on some programs when saving measurements to variables,closed,2023-08-28T12:47:34Z,,,,,,,,,
NVIDIA/cuda-quantum,577,https://github.com/NVIDIA/cuda-quantum/issues/577,Issue with MLIRGen and NVQ++ Linking,open,2023-08-24T17:41:19Z,,,,,,,,,
NVIDIA/cuda-quantum,573,https://github.com/NVIDIA/cuda-quantum/issues/573,ConcatOp Canonicalization,closed,2023-08-22T19:20:03Z,,,,,,,,,
NVIDIA/cuda-quantum,553,https://github.com/NVIDIA/cuda-quantum/issues/553,Auto-kernel test is failing on ARM,closed,2023-08-13T17:39:23Z,,,,,,,,,
NVIDIA/cuda-quantum,530,https://github.com/NVIDIA/cuda-quantum/issues/530,Assertion in `vqe_h2.cpp` example with IonQ-emulate target,closed,2023-08-08T13:43:57Z,,,,,,,,,
NVIDIA/cuda-quantum,521,https://github.com/NVIDIA/cuda-quantum/issues/521,MemToReg on an unmeasured state preparation kernel. ,closed,2023-08-03T13:51:22Z,,,,,,,,,
NVIDIA/cuda-quantum,507,https://github.com/NVIDIA/cuda-quantum/issues/507,nvq++ pass pipeline parser error on hardware,closed,2023-07-27T22:11:44Z,,,,,,,,,
NVIDIA/cuda-quantum,487,https://github.com/NVIDIA/cuda-quantum/issues/487,Support typedef for integral and floating-point variables/values,closed,2023-07-25T19:53:07Z,,,,,,,,,
NVIDIA/cuda-quantum,475,https://github.com/NVIDIA/cuda-quantum/issues/475,Quake measurement ops in value semantics mode,closed,2023-07-24T20:17:47Z,,,,,,,,,
NVIDIA/cuda-quantum,454,https://github.com/NVIDIA/cuda-quantum/issues/454,"Runtime failures result in a non-descriptive ""Abort"" error when using Anaconda shell",open,2023-07-21T10:47:24Z,,,,,,,,,
NVIDIA/cuda-quantum,428,https://github.com/NVIDIA/cuda-quantum/issues/428,"[Base Profile] Bug with two mz with same registerName = """"",closed,2023-07-17T20:47:18Z,,,,,,,,,
NVIDIA/cuda-quantum,426,https://github.com/NVIDIA/cuda-quantum/issues/426,converting to base profile requires updates to __tdg and __sdg functions,closed,2023-07-17T19:04:29Z,,,,,,,,,
NVIDIA/cuda-quantum,417,https://github.com/NVIDIA/cuda-quantum/issues/417,Python should be testable without make install,closed,2023-07-16T17:13:50Z,,,,,,,,,
NVIDIA/cuda-quantum,403,https://github.com/NVIDIA/cuda-quantum/issues/403,Submission to IONQ simulator hangs,closed,2023-07-13T17:43:20Z,,,,,,,,,
NVIDIA/cuda-quantum,399,https://github.com/NVIDIA/cuda-quantum/issues/399,exception thrown in cobyla,open,2023-07-12T17:43:59Z,,,,,,,,,
NVIDIA/cuda-quantum,381,https://github.com/NVIDIA/cuda-quantum/issues/381,Kernels created by cudaq-quake can't be serialized into OpenQASM,closed,2023-07-09T11:44:04Z,,,,,,,,,
NVIDIA/cuda-quantum,380,https://github.com/NVIDIA/cuda-quantum/issues/380,Kernel calls can't be translated into OpenQASM,closed,2023-07-09T09:06:41Z,,,,,,,,,
NVIDIA/cuda-quantum,379,https://github.com/NVIDIA/cuda-quantum/issues/379,`r1` gate isn't correctly translated to OpenQASM,closed,2023-07-09T08:14:30Z,,,,,,,,,
NVIDIA/cuda-quantum,378,https://github.com/NVIDIA/cuda-quantum/issues/378,Kernels created by `cudaq::kernel_builder` can't be translated to OpenQASM,closed,2023-07-09T07:55:31Z,,,,,,,,,
NVIDIA/cuda-quantum,349,https://github.com/NVIDIA/cuda-quantum/issues/349,IR produced when compiling for Quantinuum and IonQ backends is not spec compliant,closed,2023-07-05T12:45:03Z,,,,,,,,,
NVIDIA/cuda-quantum,345,https://github.com/NVIDIA/cuda-quantum/issues/345,Error when trying to simulate `qspan`,closed,2023-07-03T19:57:10Z,,,,,,,,,
NVIDIA/cuda-quantum,344,https://github.com/NVIDIA/cuda-quantum/issues/344,Compiler crash when compiling a kernel with `std::uint8_t` as argument,closed,2023-07-03T19:52:03Z,,,,,,,,,
NVIDIA/cuda-quantum,343,https://github.com/NVIDIA/cuda-quantum/issues/343,Unable to unroll a counted loop,closed,2023-07-03T19:41:01Z,,,,,,,,,
NVIDIA/cuda-quantum,341,https://github.com/NVIDIA/cuda-quantum/issues/341,Linker error when trying to build kernel with `std::acos`,closed,2023-07-03T17:13:10Z,,,,,,,,,
NVIDIA/cuda-quantum,339,https://github.com/NVIDIA/cuda-quantum/issues/339,Failure to create `qreg` using kernel argument as size,closed,2023-07-03T16:16:40Z,API-/Usage-/Logic-Bug (High-Level) ,Backend-Library ,A ,,,,,,
NVIDIA/cuda-quantum,338,https://github.com/NVIDIA/cuda-quantum/issues/338,Handle func::ConstantOp for adjoint / control in the ASTBridge,closed,2023-07-03T16:05:47Z,,,,,,,,,
NVIDIA/cuda-quantum,337,https://github.com/NVIDIA/cuda-quantum/issues/337,Disappearing instructions.,closed,2023-07-03T15:43:02Z,,,,,,,,,
NVIDIA/cuda-quantum,327,https://github.com/NVIDIA/cuda-quantum/issues/327,Makefiles are missing dependencies,closed,2023-06-29T22:24:05Z,,,,,,,,,
NVIDIA/cuda-quantum,325,https://github.com/NVIDIA/cuda-quantum/issues/325,Calling a kernel via an instance creates an incorrect allocation,closed,2023-06-29T18:02:09Z,,,,,,,,,
NVIDIA/cuda-quantum,296,https://github.com/NVIDIA/cuda-quantum/issues/296,Failing to compile `if` statements to quantinuum target,closed,2023-06-26T13:43:09Z,API-/Usage-/Logic-Bug (High-Level) ,Backend-Library ,C,,,,,,
NVIDIA/cuda-quantum,291,https://github.com/NVIDIA/cuda-quantum/issues/291,[pass] Multicontrol decomposition erases non-multi control ops,closed,2023-06-26T09:09:14Z,,,,,,,,,
NVIDIA/cuda-quantum,281,https://github.com/NVIDIA/cuda-quantum/issues/281,Canonicalization of extract_ref doesn't fold constants with index type,closed,2023-06-22T19:45:14Z,,,,,,,,,
NVIDIA/cuda-quantum,276,https://github.com/NVIDIA/cuda-quantum/issues/276,Platform config files cannot handle passes with options,closed,2023-06-22T09:14:55Z,,,,,,,,,
NVIDIA/cuda-quantum,258,https://github.com/NVIDIA/cuda-quantum/issues/258,Driver wrongly reporting argument as ignored,closed,2023-06-14T08:59:36Z,,,,,,,,,
NVIDIA/cuda-quantum,252,https://github.com/NVIDIA/cuda-quantum/issues/252,A job should not be posted if we failed JIT compilation ,closed,2023-06-13T15:38:36Z,,,,,,,,,
NVIDIA/cuda-quantum,251,https://github.com/NVIDIA/cuda-quantum/issues/251,Lowering single qubit allocations to base profile,closed,2023-06-13T15:29:39Z,,,,,,,,,
NVIDIA/cuda-quantum,250,https://github.com/NVIDIA/cuda-quantum/issues/250,Free function kernel compilation in MLIR compilation mode,closed,2023-06-13T15:24:32Z,,,,,,,,,
NVIDIA/cuda-quantum,179,https://github.com/NVIDIA/cuda-quantum/issues/179,Fix bugs in lowering to base profile [was: Counted loops from the ASTBridge],closed,2023-05-19T14:24:45Z,,,,,,,,,
NVIDIA/cuda-quantum,177,https://github.com/NVIDIA/cuda-quantum/issues/177,CI error after merge ,closed,2023-05-18T11:30:53Z,,,,,,,,,
NVIDIA/cuda-quantum,174,https://github.com/NVIDIA/cuda-quantum/issues/174,Bug in QuakeObserveAnsatz Pass for GCC 11.3,closed,2023-05-17T19:33:52Z,,,,,,,,,
NVIDIA/cuda-quantum,149,https://github.com/NVIDIA/cuda-quantum/issues/149,Fix Compiler Warning in QubitQIRExecutionManager,closed,2023-05-10T12:38:35Z,,,,,,,,,
NVIDIA/cuda-quantum,83,https://github.com/NVIDIA/cuda-quantum/issues/83,Build issues with cuQuantum SDK v23.03 installed via Ubuntu apt-get,closed,2023-04-13T03:20:17Z,Build-/Install-/Packaging-Bug ,Build/Deploy/Environment ,B ,,,,,,
NVIDIA/cuda-quantum,69,https://github.com/NVIDIA/cuda-quantum/issues/69,Bug with getting expected value from observe_result with no shots provided,closed,2023-04-05T14:30:21Z,,,,,,,,,
NVIDIA/cuda-quantum,64,https://github.com/NVIDIA/cuda-quantum/issues/64,Seg fault after printing the circuit in python ,closed,2023-04-04T20:47:21Z,,,,,,,,,
NVIDIA/cuda-quantum,49,https://github.com/NVIDIA/cuda-quantum/issues/49,ExecutionManager Needs Updates for Handling Qudits,closed,2023-04-03T14:24:12Z,,,,,,,,,
NVIDIA/cuda-quantum,28,https://github.com/NVIDIA/cuda-quantum/issues/28,Incorrect list of QPUs returned from query of runtime,closed,2023-03-24T12:54:49Z,,,,,,,,,
NVIDIA/cuda-quantum,27,https://github.com/NVIDIA/cuda-quantum/issues/27,RuntimeError for MGMN backend,closed,2023-03-24T10:38:09Z,,,,,,,,,
NVIDIA/cuda-quantum,3,https://github.com/NVIDIA/cuda-quantum/issues/3,Fix bug with mid-circuit measurement to a named register,closed,2023-03-20T19:15:47Z,,,,,,,,,
